movie_id,title,original_language,release_date,popularity,vote_average,vote_count,budget,revenue,runtime,status,adult,belongs_to_collection,genres,production_countries,production_companies_n,spoken_languages_n,tagline_len,overview_len
1226863,The Super Mario Galaxy Movie,en,2026-04-01,544.8314,6.774,642,110000000,831474150,98,Released,False,1,"[""Family"", ""Comedy"", ""Adventure"", ""Fantasy"", ""Animation""]","[""JP"", ""US""]",3,1,18,310
1318447,Apex,en,2026-04-24,596.4148,6.536,320,23,22,96,Released,False,0,"[""Thriller"", ""Action""]","[""US"", ""IS"", ""AU""]",4,1,14,153
1523145,Your Heart Will Be Broken,ru,2026-03-26,332.9411,6.9,74,0,0,134,Released,False,0,"[""Romance"", ""Drama""]","[""RU""]",5,1,0,319
1198994,Send Help,en,2026-01-22,330.49,7.025,1103,40000000,94041481,113,Released,False,0,"[""Horror"", ""Thriller"", ""Comedy""]","[""US""]",3,1,74,239
936075,Michael,en,2026-04-22,273.1355,7.6,287,250000000,217400000,128,Released,False,0,"[""Music"", ""Drama""]","[""US""]",3,1,30,444
83533,Avatar: Fire and Ash,en,2025-12-17,227.3422,7.379,2743,350000000,1490477656,198,Released,False,1,"[""Science Fiction"", ""Adventure"", ""Fantasy""]","[""US""]",3,1,41,361
1613798,Vengeance,es,2026-02-26,203.9331,6.962,91,0,0,103,Released,False,0,"[""Action"", ""Thriller""]","[""US"", ""ES""]",2,1,0,308
1327819,Hoppers,en,2026-03-04,162.5408,7.59,527,150000000,370156679,105,Released,False,0,"[""Animation"", ""Family"", ""Science Fiction"", ""Comedy"", ""Adventure""]","[""US""]",1,2,12,296
1290821,Shelter,en,2026-01-28,155.8428,6.785,603,50000000,53818282,107,Released,False,0,"[""Action"", ""Crime"", ""Thriller""]","[""US"", ""GB""]",4,2,24,205
687163,Project Hail Mary,en,2026-03-15,190.373,8.207,1776,200000000,613431522,157,Released,False,0,"[""Science Fiction"", ""Adventure""]","[""US""]",5,3,25,433
1470130,The Mortuary Assistant,en,2026-02-13,135.9678,5.488,81,0,0,91,Released,False,0,"[""Horror"", ""Mystery""]","[""US"", ""GB""]",4,1,20,281
1171145,Crime 101,en,2026-02-11,161.6193,6.94,794,90000000,72824188,141,Released,False,0,"[""Crime"", ""Thriller""]","[""GB"", ""US""]",5,1,20,370
1297842,GOAT,en,2026-02-11,157.6021,7.918,458,90000000,190508904,100,Released,False,0,"[""Animation"", ""Comedy"", ""Family""]","[""US""]",6,1,36,196
1311031,Demon Slayer: Kimetsu no Yaiba Infinity Castle,ja,2025-07-18,144.5103,7.7,812,20000000,733030221,156,Released,False,1,"[""Animation"", ""Action"", ""Fantasy""]","[""JP""]",3,1,27,204
1084242,Zootopia 2,en,2025-11-26,123.3296,7.607,2616,150000000,1868208796,108,Released,False,1,"[""Adventure"", ""Animation"", ""Comedy"", ""Family"", ""Mystery""]","[""US"", ""CA""]",2,1,28,367
1290417,Thrash,en,2026-04-10,122.5362,5.952,452,0,0,84,Released,False,0,"[""Horror"", ""Thriller""]","[""US"", ""AU""]",2,2,32,158
1304313,Lee Cronin's The Mummy,en,2026-04-15,120.1005,6.8,150,22000000,65451688,133,Released,False,0,"[""Horror"", ""Mystery""]","[""US"", ""IE""]",5,2,23,221
1084577,Balls Up,en,2026-04-15,112.9215,5.659,135,0,0,104,Released,False,0,"[""Comedy"", ""Action"", ""Adventure""]","[""US""]",3,1,32,294
1010755,The Strangers: Chapter 3,en,2026-02-05,87.5376,5.574,122,8500000,9191988,92,Released,False,1,"[""Horror"", ""Thriller""]","[""GB"", ""US""]",5,1,19,176
1419406,The Shadow's Edge,zh,2025-08-16,98.0881,7.208,590,0,174400000,142,Released,False,0,"[""Action"", ""Crime"", ""Drama"", ""Thriller""]","[""CN"", ""HK""]",4,1,114,129
1159559,Scream 7,en,2026-02-25,97.061,6.06,803,45000000,213819468,114,Released,False,1,"[""Horror"", ""Mystery"", ""Crime""]","[""US""]",3,1,17,293
840464,Greenland 2: Migration,en,2026-01-07,96.5308,6.421,941,90000000,44856736,98,Released,False,1,"[""Adventure"", ""Thriller"", ""Science Fiction""]","[""GB"", ""US""]",6,2,28,218
1368166,The Housemaid,en,2025-12-18,87.9565,7.227,1938,35000000,401725460,131,Released,False,1,"[""Mystery"", ""Thriller""]","[""US""]",4,1,39,260
1242898,Predator: Badlands,en,2025-11-05,93.4944,7.689,2673,105000000,184500000,107,Released,False,1,"[""Action"", ""Science Fiction"", ""Adventure""]","[""US""]",5,2,24,158
502356,The Super Mario Bros. Movie,en,2023-04-05,91.1016,7.589,10534,100000000,1360879735,93,Released,False,1,"[""Family"", ""Comedy"", ""Adventure"", ""Fantasy"", ""Animation""]","[""JP"", ""US""]",3,1,46,252
440249,After Porn Ends 2,en,2017-03-28,85.7445,5.335,248,500000,0,90,Released,False,1,"[""Documentary""]","[""US""]",2,1,0,764
1480387,undertone,en,2026-03-12,85.465,6.517,115,500000,21016308,94,Released,False,0,"[""Horror"", ""Mystery""]","[""CA"", ""US""]",6,1,21,108
1234731,Anaconda,en,2025-12-24,78.8092,5.88,1059,45000000,135148320,100,Released,False,0,"[""Adventure"", ""Comedy"", ""Horror""]","[""US""]",3,1,43,248
755898,War of the Worlds,en,2025-07-29,78.4773,4.133,966,10000000,0,91,Released,False,0,"[""Science Fiction"", ""Thriller""]","[""US""]",3,1,20,271
1193501,Whistle,en,2026-01-20,77.889,6.093,273,2000000,4633854,100,Released,False,0,"[""Horror"", ""Mystery""]","[""IE"", ""US""]",2,1,14,234
1265609,War Machine,en,2026-02-12,73.0395,7.234,1523,73000000,0,110,Released,False,0,"[""Action"", ""Science Fiction"", ""Thriller""]","[""AU"", ""US""]",4,1,18,151
1115544,Mike & Nick & Nick & Alice,en,2026-03-14,71.0675,6.761,273,0,0,107,Released,False,0,"[""Comedy"", ""Science Fiction"", ""Crime""]","[""US""]",2,1,54,181
848116,Rocky Aur Rani Kii Prem Kahaani,hi,2023-07-28,55.2032,6.1,81,0,0,178,Released,False,0,"[""Comedy"", ""Drama"", ""Family"", ""Romance""]","[""IN""]",2,3,48,400
634649,Spider-Man: No Way Home,en,2021-12-15,68.0811,7.933,21845,200000000,1921847111,148,Released,False,1,"[""Action"", ""Adventure"", ""Science Fiction""]","[""US""]",3,2,25,258
1659087,180,en,2026-04-16,58.7303,5.615,65,0,0,94,Released,False,0,"[""Thriller"", ""Crime"", ""Drama""]","[""ZA""]",1,4,0,152
1367642,Reminders of Him,en,2026-03-11,64.1873,7.252,161,30000000,87516587,114,Released,False,0,"[""Romance"", ""Drama""]","[""US""]",3,1,34,365
301337,Downsizing,en,2017-12-22,58.1769,5.401,4085,68000000,55003890,135,Released,False,0,"[""Drama"", ""Science Fiction"", ""Comedy""]","[""US""]",3,5,34,187
680493,Return to Silent Hill,en,2026-01-21,56.8906,5.29,421,23000000,47372551,106,Released,False,1,"[""Mystery"", ""Drama"", ""Horror""]","[""FR"", ""JP"", ""US"", ""GB"", ""DE""]",8,4,37,272
1084187,Pretty Lethal,en,2026-03-13,56.4632,6.8,309,0,0,89,Released,False,0,"[""Music"", ""Thriller"", ""Action"", ""Horror""]","[""US"", ""HU"", ""GB""]",4,2,23,167
1511057,Roommates,en,2026-04-13,48.9564,6.506,78,0,0,108,Released,False,0,"[""Comedy""]","[""US""]",1,1,26,148
1234821,Jurassic World Rebirth,en,2025-07-01,48.052,6.271,3250,180000000,869146189,134,Released,False,1,"[""Science Fiction"", ""Adventure"", ""Action""]","[""US""]",2,2,18,482
299536,Avengers: Infinity War,en,2018-04-25,53.5182,8.234,31792,300000000,2052415039,149,Released,False,1,"[""Adventure"", ""Action"", ""Science Fiction""]","[""US""]",1,2,29,490
1272837,28 Years Later: The Bone Temple,en,2026-01-14,51.0426,7.127,1074,63000000,58522222,109,Released,False,1,"[""Horror"", ""Thriller"", ""Science Fiction""]","[""GB"", ""US""]",3,2,22,199
1316092,"""Wuthering Heights""",en,2026-02-11,52.1044,6.5,820,80000000,241701072,136,Released,False,0,"[""Romance"", ""Drama""]","[""US"", ""GB""]",5,1,12,125
342521,Keanu,en,2016-04-29,50.3792,6.053,1128,15000000,20749853,100,Released,False,0,"[""Action"", ""Comedy"", ""Crime""]","[""US""]",4,1,15,90
441168,From Straight A's to XXX,en,2017-02-11,51.1064,5.822,160,0,0,87,Released,False,0,"[""Drama"", ""TV Movie""]","[""CA"", ""NL"", ""US""]",4,1,24,718
1268127,Humint,ko,2026-02-11,49.0183,7.218,110,16000000,13207600,120,Released,False,0,"[""Thriller"", ""Action"", ""Drama""]","[""KR""]",1,4,45,147
1306368,The Rip,en,2026-01-13,48.5292,7.057,1542,100000000,0,113,Released,False,0,"[""Action"", ""Thriller"", ""Crime""]","[""US""]",1,2,49,146
1038392,The Conjuring: Last Rites,en,2025-09-03,43.9696,6.884,1766,55000000,499156445,136,Released,False,1,"[""Horror""]","[""US""]",4,1,27,130
1168190,The Wrecking Crew,en,2026-01-28,48.2342,6.9,919,78500000,89000000,125,Released,False,0,"[""Action"", ""Comedy"", ""Crime"", ""Mystery""]","[""US"", ""CA""]",6,6,50,191
1064028,Subservience,en,2024-08-15,48.2157,6.624,977,4400000,262793,105,Released,False,0,"[""Science Fiction"", ""Horror"", ""Thriller""]","[""US""]",3,1,18,213
1159831,The Bride!,en,2026-03-04,47.6424,6.244,371,80000000,23844025,127,Released,False,0,"[""Science Fiction"", ""Horror"", ""Fantasy""]","[""US""]",4,1,36,242
425274,Now You See Me: Now You Don't,en,2025-11-12,44.0026,6.51,1418,90000000,242431024,113,Released,False,1,"[""Crime"", ""Thriller""]","[""US""]",4,1,20,310
1010581,My Fault,es,2023-06-08,41.0385,7.746,4036,0,0,116,Released,False,1,"[""Drama"", ""Romance"", ""Thriller""]","[""ES""]",2,1,47,386
803796,KPop Demon Hunters,en,2025-06-20,45.6351,8.013,2674,100000000,24619953,96,Released,False,0,"[""Fantasy"", ""Music"", ""Comedy"", ""Animation""]","[""US""]",1,2,42,153
533535,Deadpool & Wolverine,en,2024-07-24,41.0978,7.557,8517,200000000,1338073645,128,Released,False,1,"[""Action"", ""Comedy"", ""Science Fiction""]","[""US""]",6,1,14,248
1266127,Ready or Not 2: Here I Come,en,2026-03-19,44.2954,7.0,282,14000000,40765808,108,Released,False,1,"[""Horror"", ""Comedy""]","[""US""]",4,3,18,400
257088,Point Break,en,2015-12-03,43.3293,5.952,2429,105000000,133782481,114,Released,False,0,"[""Action"", ""Adventure"", ""Crime"", ""Thriller""]","[""DE"", ""US""]",4,1,25,147
1539104,JUJUTSU KAISEN: Execution,ja,2025-11-07,42.2578,5.938,97,0,44457030,88,Released,False,1,"[""Animation"", ""Action"", ""Fantasy""]","[""JP""]",5,1,41,782
1088434,Hellfire,en,2026-02-05,41.7785,6.8,73,0,0,94,Released,False,0,"[""Action"", ""Thriller""]","[""US""]",10,1,35,151
458293,Michael Jackson: Searching for Neverland,en,2017-05-29,43.3817,6.5,111,2000000,0,102,Released,False,0,"[""Drama"", ""TV Movie""]","[""US""]",1,1,0,345
744275,After We Fell,en,2021-09-01,41.4689,7.005,2725,14000000,21753705,99,Released,False,1,"[""Drama"", ""Romance""]","[""FR"", ""US"", ""BG""]",5,3,0,371
911430,F1,en,2025-06-25,39.853,7.751,3784,250000000,631627111,156,Released,False,1,"[""Action"", ""Drama""]","[""US""]",5,4,11,163
875828,Peaky Blinders: The Immortal Man,en,2026-03-05,39.4368,7.226,840,0,0,112,Released,False,0,"[""Crime"", ""Drama""]","[""GB""]",3,1,25,151
1061474,Superman,en,2025-07-09,32.7045,7.339,4649,225000000,618723803,130,Released,False,1,"[""Science Fiction"", ""Adventure"", ""Action""]","[""US""]",4,2,8,136
1087040,Money Shot: The Pornhub Story,en,2023-03-15,38.3632,5.794,349,0,0,95,Released,False,0,"[""Documentary""]","[""US"", ""CA""]",1,1,0,147
299534,Avengers: Endgame,en,2019-04-24,38.2349,8.234,27564,356000000,2799439100,181,Released,False,1,"[""Adventure"", ""Science Fiction"", ""Action""]","[""US""]",1,3,18,327
214756,Ted 2,en,2015-06-25,37.7321,6.316,7940,68000000,215863606,115,Released,False,1,"[""Comedy"", ""Fantasy""]","[""US""]",5,1,25,150
1325734,The Drama,en,2026-03-26,37.6502,7.016,547,28000000,101813210,105,Released,False,0,"[""Romance"", ""Comedy"", ""Drama""]","[""US""]",4,1,32,107
1236153,Mercy,en,2026-01-20,33.8393,6.976,1173,60000000,54703407,99,Released,False,0,"[""Science Fiction"", ""Action"", ""Thriller"", ""Crime""]","[""US""]",3,3,54,199
950396,The Gorge,en,2025-02-13,33.6954,7.617,3613,70000000,0,128,Released,False,0,"[""Romance"", ""Science Fiction"", ""Thriller""]","[""US""]",3,2,52,201
1233413,Sinners,en,2025-04-16,36.2085,7.47,4389,90000000,369425281,138,Released,False,0,"[""Horror"", ""Action"", ""Thriller""]","[""US""]",3,3,21,175
1246049,Dracula,fr,2025-07-30,36.0408,7.088,1116,52000000,42404858,130,Released,False,0,"[""Horror"", ""Fantasy"", ""Romance""]","[""FR""]",6,3,121,292
858024,Hamnet,en,2025-11-26,36.5541,7.735,1270,30000000,107756183,125,Released,False,0,"[""Drama"", ""Romance"", ""History""]","[""GB"", ""US""]",4,1,21,109
1049471,Outcome,en,2026-04-06,34.7273,5.366,149,80000000,0,84,Released,False,0,"[""Comedy"", ""Drama""]","[""US""]",2,1,0,243
1011985,Kung Fu Panda 4,en,2024-03-02,33.7589,7.0,3460,80000000,548040835,94,Released,False,1,"[""Action"", ""Adventure"", ""Animation"", ""Comedy"", ""Family"", ""Fantasy""]","[""US""]",1,1,21,281
980477,Ne Zha 2,zh,2025-01-29,33.1529,8.123,653,80000000,2259822417,144,Released,False,1,"[""Action"", ""Adventure"", ""Animation"", ""Fantasy""]","[""CN""]",5,1,22,340
1119449,"Good Luck, Have Fun, Don't Die",en,2026-02-13,32.8731,6.92,383,20000000,9662012,134,Released,False,0,"[""Science Fiction"", ""Action"", ""Comedy""]","[""US"", ""DE""]",4,1,0,227
496243,Parasite,ko,2019-05-30,32.4436,8.494,20482,11363000,257591776,133,Released,False,0,"[""Comedy"", ""Thriller"", ""Drama""]","[""KR""]",1,3,27,164
872585,Oppenheimer,en,2023-07-19,28.3173,8.031,11643,100000000,952000000,181,Released,False,0,"[""Drama"", ""History""]","[""GB"", ""US""]",5,2,26,100
1387382,Hunting Season,en,2025-12-05,32.0695,6.888,192,0,0,93,Released,False,0,"[""Action"", ""Drama"", ""Thriller""]","[""US""]",7,1,39,212
1218925,Chainsaw Man - The Movie: Reze Arc,ja,2025-09-19,32.0012,8.3,812,4100000,174502910,99,Released,False,1,"[""Animation"", ""Action"", ""Romance"", ""Fantasy""]","[""JP""]",1,1,28,217
181808,Star Wars: The Last Jedi,en,2017-12-13,30.0074,6.754,16247,300000000,1332698830,152,Released,False,1,"[""Adventure"", ""Action"", ""Science Fiction""]","[""US""]",1,1,17,198
1223601,Sisu: Road to Revenge,fi,2025-10-21,29.3625,7.324,699,12200000,9811703,89,Released,False,1,"[""Action"", ""War"", ""Thriller""]","[""FI"", ""GB""]",3,2,43,342
361743,Top Gun: Maverick,en,2022-05-21,29.0064,8.152,10797,170000000,1488732821,131,Released,False,1,"[""Action"", ""Drama""]","[""US""]",3,1,36,291
999136,Do Not Enter,en,2026-03-19,30.9702,5.628,74,0,0,91,Released,False,0,"[""Horror""]","[""US""]",2,1,40,173
76600,Avatar: The Way of Water,en,2022-12-14,28.9337,7.6,14002,350000000,2353096253,192,Released,False,1,"[""Action"", ""Adventure"", ""Science Fiction""]","[""US""]",3,1,18,272
939243,Sonic the Hedgehog 3,en,2024-12-19,30.4714,7.611,3229,122000000,492162604,110,Released,False,1,"[""Action"", ""Science Fiction"", ""Comedy"", ""Family""]","[""US"", ""JP""]",6,4,25,296
346698,Barbie,en,2023-07-19,30.0865,6.926,10999,145000000,1447138421,114,Released,False,0,"[""Comedy"", ""Adventure"", ""Fantasy""]","[""GB"", ""US""]",5,1,32,229
866398,The Beekeeper,en,2024-01-08,29.9473,7.24,4137,35000000,162619535,106,Released,False,1,"[""Action"", ""Crime"", ""Thriller""]","[""GB"", ""US""]",3,1,40,167
402431,Wicked,en,2024-10-16,29.3161,6.908,2981,150000000,758827029,162,Released,False,1,"[""Drama"", ""Romance"", ""Fantasy""]","[""US""]",2,1,36,299
569094,Spider-Man: Across the Spider-Verse,en,2023-05-31,28.9949,8.332,8486,100000000,690897910,140,Released,False,1,"[""Animation"", ""Action"", ""Adventure"", ""Science Fiction""]","[""US""]",6,4,40,412
1054867,One Battle After Another,en,2025-09-23,28.9119,7.366,3549,175000000,209377100,162,Released,False,0,"[""Thriller"", ""Crime"", ""Comedy""]","[""US""]",3,3,50,309
1408208,Exit 8,ja,2025-08-28,28.849,6.641,319,1400000,40641246,95,Released,False,0,"[""Horror"", ""Mystery""]","[""JP""]",8,1,10,386
1167307,David,en,2025-12-14,25.6034,8.054,130,60900000,85865995,109,Released,False,0,"[""Animation"", ""Family"", ""Drama"", ""Music""]","[""US"", ""ZA""]",4,1,22,431
991494,The SpongeBob Movie: Search for SquarePants,en,2025-12-16,28.8329,6.8,269,64000000,163197450,88,Released,False,1,"[""Adventure"", ""Animation"", ""Comedy"", ""Family"", ""Fantasy""]","[""US""]",3,2,24,268
1228246,Five Nights at Freddy's 2,en,2025-12-03,28.7851,6.7,893,36000000,239502619,104,Released,False,1,"[""Horror"", ""Thriller""]","[""US""]",3,2,10,443
950387,A Minecraft Movie,en,2025-03-31,28.7728,6.3,2942,150000000,958287780,101,Released,False,1,"[""Family"", ""Fantasy"", ""Comedy"", ""Adventure""]","[""SE"", ""US""]",6,1,23,327
1078605,Weapons,en,2025-08-04,28.7309,7.25,3281,38000000,269972492,129,Released,False,1,"[""Horror"", ""Mystery""]","[""US""]",5,1,173,181
1184918,The Wild Robot,en,2024-09-12,28.6254,8.305,5951,78000000,331982078,102,Released,False,1,"[""Family"", ""Animation"", ""Science Fiction"", ""Adventure""]","[""US""]",1,1,26,196
524047,Greenland,en,2020-07-29,28.4769,7.126,5231,34000000,52300000,120,Released,False,1,"[""Thriller"", ""Adventure"", ""Action"", ""Science Fiction""]","[""GB"", ""US""]",5,3,40,412
798645,The Running Man,en,2025-11-11,28.311,6.755,1413,110000000,69486523,133,Released,False,0,"[""Action"", ""Thriller"", ""Science Fiction""]","[""US"", ""GB""]",4,1,14,429
912649,Venom: The Last Dance,en,2024-10-22,24.8037,6.7,4145,120000000,478937618,109,Released,False,1,"[""Science Fiction"", ""Action"", ""Adventure""]","[""US""]",5,1,24,205
166428,How to Train Your Dragon: The Hidden World,en,2019-01-03,27.4696,7.75,7055,129000000,539987993,104,Released,False,1,"[""Animation"", ""Family"", ""Adventure""]","[""US""]",1,1,36,289
1241982,Moana 2,en,2024-11-21,27.1539,6.996,3034,150000000,1059242164,100,Released,False,1,"[""Animation"", ""Adventure"", ""Family"", ""Comedy"", ""Fantasy""]","[""CA"", ""US""]",2,1,31,225
1174024,Maybe More,fr,2024-04-03,22.3533,5.784,104,0,0,77,Released,False,0,"[""Comedy"", ""Drama""]","[""FR""]",2,1,0,501
1156594,Our Fault,es,2025-10-15,26.8552,7.356,646,0,0,110,Released,False,1,"[""Romance"", ""Drama""]","[""ES"", ""US""]",2,1,0,385
575265,Mission: Impossible - The Final Reckoning,en,2025-05-17,26.8203,7.161,2729,400000000,598767057,170,Released,False,1,"[""Action"", ""Thriller"", ""Adventure""]","[""US""]",3,4,37,404
1022789,Inside Out 2,en,2024-06-11,26.2695,7.543,6611,200000000,1698863816,97,Released,False,1,"[""Animation"", ""Adventure"", ""Comedy"", ""Family""]","[""US""]",1,1,27,316
552524,Lilo & Stitch,en,2025-05-17,26.691,7.195,2121,100000000,1038027526,108,Released,False,1,"[""Family"", ""Science Fiction"", ""Comedy""]","[""US""]",2,1,25,121
617126,The Fantastic 4: First Steps,en,2025-07-23,26.4215,6.959,3235,200000000,521858728,115,Released,False,0,"[""Science Fiction"", ""Adventure"", ""Action""]","[""US""]",2,3,22,283
315635,Spider-Man: Homecoming,en,2017-07-05,26.2903,7.331,23064,175000000,880978185,133,Released,False,1,"[""Action"", ""Adventure"", ""Science Fiction""]","[""US""]",4,1,34,289
372058,Your Name.,ja,2016-08-26,25.7912,8.476,12450,7500000,405320132,106,Released,False,0,"[""Animation"", ""Romance"", ""Drama""]","[""JP""]",7,1,41,279
1062722,Frankenstein,en,2025-10-17,25.2679,7.6,3352,120000000,480678,150,Released,False,0,"[""Drama"", ""Fantasy"", ""Horror""]","[""US"", ""CA""]",3,3,23,197
1087192,How to Train Your Dragon,en,2025-06-06,25.0966,7.92,2738,150000000,636351148,125,Released,False,1,"[""Fantasy"", ""Family"", ""Action"", ""Adventure""]","[""US""]",2,1,19,312
519182,Despicable Me 4,en,2024-06-20,25.0224,6.983,3159,100000000,972021410,94,Released,False,1,"[""Action"", ""Animation"", ""Comedy"", ""Family"", ""Science Fiction""]","[""US""]",2,1,41,263
467905,How to Make a Killing,en,2026-02-19,24.9915,7.013,313,40000000,19501301,105,Released,False,0,"[""Comedy"", ""Thriller""]","[""GB"", ""FR"", ""ZA""]",4,2,57,175
654028,The Christmas Chronicles: Part Two,en,2020-11-18,24.9818,6.499,1162,0,0,112,Released,False,1,"[""Family"", ""Fantasy"", ""Adventure"", ""Comedy""]","[""US""]",1,1,35,239
269149,Zootopia,en,2016-02-11,24.8965,7.759,17978,150000000,1025521689,109,Released,False,1,"[""Animation"", ""Adventure"", ""Family"", ""Comedy""]","[""US""]",1,1,28,220
216015,Fifty Shades of Grey,en,2015-02-11,24.5581,5.9,12346,40000000,569651467,125,Released,False,1,"[""Drama"", ""Romance"", ""Thriller""]","[""US""]",4,1,26,465
1241470,Osiris,en,2025-07-25,22.1859,5.993,224,0,0,108,Released,False,0,"[""Science Fiction"", ""Action"", ""Horror""]","[""US""]",3,2,62,190
1582770,Dhurandhar: The Revenge,hi,2026-03-18,21.01,7.6,63,22500000,210000000,229,Released,False,1,"[""Action"", ""Crime"", ""Thriller""]","[""IN""]",2,2,36,216
438631,Dune,en,2021-09-15,24.2417,7.8,14752,165000000,410668500,155,Released,False,1,"[""Science Fiction"", ""Adventure""]","[""US""]",1,1,10,443
1317288,Marty Supreme,en,2025-12-19,24.0967,7.397,1620,65000000,274459312,150,Released,False,0,"[""Drama"", ""Thriller""]","[""US""]",2,2,10,102
567609,Ready or Not,en,2019-08-21,23.9649,7.054,5318,6000000,57615777,95,Released,False,1,"[""Horror"", ""Comedy""]","[""US""]",5,1,31,147
429617,Spider-Man: Far From Home,en,2019-06-28,23.7914,7.396,16867,160000000,1132723226,129,Released,False,1,"[""Action"", ""Adventure"", ""Science Fiction""]","[""US""]",3,5,21,250
324857,Spider-Man: Into the Spider-Verse,en,2018-12-06,23.6672,8.393,17106,90000000,394884133,117,Released,False,1,"[""Animation"", ""Action"", ""Adventure"", ""Science Fiction""]","[""US""]",6,3,29,458
1233506,The Shrinking Man,fr,2025-10-22,23.4118,6.028,88,24350000,0,99,Released,False,0,"[""Adventure"", ""Science Fiction""]","[""FR"", ""BE""]",6,1,0,673
1448560,Wildcat,en,2025-11-19,21.0684,6.188,152,50000,0,99,Released,False,0,"[""Action"", ""Thriller""]","[""GB""]",2,1,0,127
1357633,Solo Leveling -ReAwakening-,ja,2024-11-26,23.2652,7.13,266,0,6331827,116,Released,False,0,"[""Action"", ""Adventure"", ""Fantasy"", ""Animation""]","[""JP""]",2,1,0,423
1175942,The Bad Guys 2,en,2025-07-24,23.1869,7.6,756,80000000,239449449,104,Released,False,1,"[""Family"", ""Comedy"", ""Crime"", ""Adventure"", ""Animation""]","[""US""]",1,1,16,223
693134,Dune: Part Two,en,2024-02-27,23.1725,8.126,7828,190000000,714844358,167,Released,False,1,"[""Science Fiction"", ""Adventure""]","[""US""]",1,1,23,305
99861,Avengers: Age of Ultron,en,2015-04-22,22.992,7.27,24311,235000000,1405403694,141,Released,False,1,"[""Action"", ""Adventure"", ""Science Fiction""]","[""US""]",1,1,19,394
354912,Coco,en,2017-10-27,20.008,8.197,20852,175000000,814641172,105,Released,False,1,"[""Family"", ""Animation"", ""Music"", ""Adventure""]","[""US""]",1,2,30,446
541671,Ballerina,en,2025-06-04,22.8853,7.232,2515,90000000,137408107,125,Released,False,0,"[""Action"", ""Thriller"", ""Crime""]","[""US""]",3,4,25,146
1284120,The Ugly Stepsister,no,2025-03-07,22.7198,7.301,1112,4250000,5325096,109,Released,False,0,"[""Horror"", ""Comedy"", ""Drama""]","[""DK"", ""NO"", ""PL"", ""SE""]",7,3,26,183
1315303,Primate,en,2026-01-01,22.6654,6.446,583,21000000,41235665,89,Released,False,0,"[""Horror"", ""Thriller""]","[""US""]",3,1,27,280
933260,The Substance,en,2024-09-07,22.4005,7.134,5909,17500000,77316812,141,Released,False,0,"[""Horror"", ""Science Fiction"", ""Drama""]","[""FR"", ""GB"", ""US""]",3,1,53,146
1197306,A Working Man,en,2025-03-26,22.1984,6.68,1859,40000000,88200711,116,Released,False,0,"[""Action"", ""Crime"", ""Thriller""]","[""GB"", ""US""]",7,3,25,305
335984,Blade Runner 2049,en,2017-10-04,22.2986,7.592,15020,150000000,259239658,164,Released,False,1,"[""Science Fiction"", ""Drama""]","[""CA"", ""GB"", ""US""]",6,7,43,301
1196067,Worldbreaker,en,2025-10-30,22.0298,5.8,142,0,0,95,Released,False,0,"[""Science Fiction"", ""Action"", ""Horror""]","[""GB"", ""US""]",4,1,38,305
574475,Final Destination Bloodlines,en,2025-05-14,21.7751,7.048,2786,50000000,317854739,110,Released,False,1,"[""Horror"", ""Mystery""]","[""US""]",5,1,25,219
324786,Hacksaw Ridge,en,2016-10-07,21.7701,8.189,14758,40000000,175302354,139,Released,False,0,"[""Drama"", ""History"", ""War""]","[""AU"", ""GB"", ""US""]",13,2,68,215
150540,Inside Out,en,2015-06-17,21.7826,7.909,23362,175000000,857611174,95,Released,False,1,"[""Animation"", ""Family"", ""Adventure"", ""Drama"", ""Comedy""]","[""US""]",1,1,40,250
508947,Turning Red,en,2022-03-10,21.5753,7.317,5749,0,21813358,100,Released,False,0,"[""Animation"", ""Family"", ""Comedy"", ""Fantasy""]","[""US""]",1,5,22,154
986056,Thunderbolts*,en,2025-04-30,21.5387,7.285,3414,180000000,382436917,127,Released,False,0,"[""Action"", ""Science Fiction"", ""Adventure""]","[""US""]",2,3,32,183
309809,The Little Prince,en,2015-07-29,21.4626,7.614,2959,64000000,101281211,106,Released,False,0,"[""Adventure"", ""Animation"", ""Fantasy"", ""Family""]","[""FR"", ""IT"", ""CA""]",5,1,46,321
1197137,Black Phone 2,en,2025-10-15,18.2234,6.716,1037,30000000,132248152,114,Released,False,1,"[""Horror"", ""Thriller""]","[""US""]",4,3,20,423
337404,Cruella,en,2021-05-26,20.9792,8.0,9998,200000000,233503234,134,Released,False,0,"[""Comedy"", ""Crime"", ""Drama""]","[""US""]",3,2,18,633
1292695,They Will Kill You,en,2026-03-25,20.9522,6.5,153,20000000,18944180,94,Released,False,0,"[""Horror"", ""Action"", ""Comedy""]","[""US"", ""ZA""]",4,1,13,235
1035259,The Naked Gun,en,2025-07-30,17.552,6.36,1649,42000000,102147396,85,Released,False,0,"[""Action"", ""Comedy"", ""Crime""]","[""US""]",3,2,41,213
773543,Fib the Truth,ru,2021-09-09,20.681,5.8,89,0,0,89,Released,False,0,"[""Drama"", ""Thriller""]","[""RU""]",2,1,0,158
293660,Deadpool,en,2016-02-09,20.6801,7.623,32611,58000000,782837347,108,Released,False,1,"[""Action"", ""Adventure"", ""Comedy""]","[""US""]",4,1,14,334
1117857,In Your Dreams,en,2025-11-07,20.4353,6.983,208,0,0,87,Released,False,0,"[""Animation"", ""Family"", ""Comedy"", ""Adventure"", ""Fantasy""]","[""US""]",2,1,29,150
1072790,Anyone But You,en,2023-12-21,20.4429,6.786,3022,25000000,214891370,103,Released,False,0,"[""Romance"", ""Comedy""]","[""US""]",4,1,39,236
1412598,Killer Whale,en,2026-01-16,20.215,5.7,79,0,0,89,Released,False,0,"[""Thriller"", ""Horror"", ""Action"", ""Mystery"", ""Science Fiction""]","[""AU"", ""US"", ""GB""]",6,1,18,132
396535,Train to Busan,ko,2016-07-20,20.213,7.748,8299,8500000,87547518,118,Released,False,1,"[""Horror"", ""Thriller"", ""Action"", ""Adventure""]","[""KR""]",5,1,30,137
1007734,Nobody 2,en,2025-08-13,20.1787,6.9,1468,25000000,43285109,89,Released,False,1,"[""Action"", ""Thriller"", ""Comedy""]","[""US""]",4,1,26,222
1156593,Your Fault,es,2024-12-26,20.1561,7.085,1534,0,0,117,Released,False,1,"[""Drama"", ""Romance""]","[""ES"", ""US""]",2,1,34,267
603692,John Wick: Chapter 4,en,2023-03-21,20.0482,7.705,7846,100000000,447316405,170,Released,False,1,"[""Action"", ""Thriller"", ""Crime""]","[""DE"", ""US""]",4,9,25,258
1314786,Agent Zeta,es,2026-03-20,19.4868,6.563,128,0,0,133,Released,False,0,"[""Drama"", ""Thriller""]","[""ES""]",1,1,0,388
359410,Road House,en,2024-03-08,19.4564,6.922,2965,85000000,0,121,Released,False,1,"[""Action"", ""Thriller"", ""Drama""]","[""US""]",2,1,16,132
436969,The Suicide Squad,en,2021-07-28,19.2774,7.462,9525,185000000,168717425,132,Released,False,1,"[""Action"", ""Comedy"", ""Adventure""]","[""US""]",4,3,32,228
333339,Ready Player One,en,2018-03-28,17.6421,7.6,16786,175000000,607274134,140,Released,False,0,"[""Adventure"", ""Action"", ""Science Fiction""]","[""US""]",5,1,24,110
823219,Flow,lv,2024-08-29,17.891,8.083,2762,3700000,17660107,85,Released,False,0,"[""Animation"", ""Adventure"", ""Fantasy"", ""Family""]","[""LV"", ""BE"", ""FR""]",5,1,69,165
604079,The Long Walk,en,2025-09-10,17.5212,6.91,1390,20000000,62871697,108,Released,False,0,"[""Science Fiction"", ""Thriller"", ""Horror""]","[""US""]",4,1,32,177
271110,Captain America: Civil War,en,2016-04-27,18.4451,7.447,23929,250000000,1155046416,147,Released,False,1,"[""Adventure"", ""Action"", ""Science Fiction""]","[""US""]",1,4,33,295
335983,Venom,en,2018-09-28,19.0712,6.825,17162,116000000,856085151,112,Released,False,1,"[""Science Fiction"", ""Action""]","[""CN"", ""US""]",6,3,33,291
1214931,Nuremberg,en,2025-11-06,19.0459,7.415,889,11800000,37009109,149,Released,False,0,"[""History"", ""Drama""]","[""US"", ""HU""]",5,2,19,229
290098,The Handmaiden,ko,2016-06-01,18.9651,8.189,4270,8575000,38600000,145,Released,False,0,"[""Thriller"", ""Drama"", ""Romance""]","[""KR""]",3,2,29,368
414906,The Batman,en,2022-03-01,18.9473,7.658,11819,185000000,772775278,177,Released,False,1,"[""Crime"", ""Mystery"", ""Thriller""]","[""US""]",4,1,17,162
696393,Cold Storage,en,2026-01-22,18.9358,6.782,357,10000000,3947326,99,Released,False,0,"[""Horror"", ""Science Fiction"", ""Comedy""]","[""GB"", ""US""]",3,1,27,203
400155,Hotel Transylvania 3: Summer Vacation,en,2018-06-28,17.0648,6.85,4683,80000000,528600000,97,Released,False,1,"[""Animation"", ""Comedy"", ""Family"", ""Fantasy""]","[""US""]",3,1,50,244
533533,TRON: Ares,en,2025-10-08,18.7898,6.471,1346,220000000,142249983,119,Released,False,1,"[""Science Fiction"", ""Adventure"", ""Action""]","[""US""]",2,1,14,171
637649,Wrath of Man,en,2021-04-22,20.4448,7.578,6035,40000000,103966489,119,Released,False,0,"[""Thriller"", ""Crime"", ""Drama""]","[""GB"", ""US""]",2,1,15,327
1317672,Love Me Love Me,en,2026-02-12,18.4065,5.71,224,0,0,99,Released,False,0,"[""Romance"", ""Drama""]","[""IT"", ""US""]",3,2,0,395
573435,Bad Boys: Ride or Die,en,2024-06-05,16.6624,7.324,3299,100000000,404547819,116,Released,False,1,"[""Action"", ""Comedy"", ""Crime""]","[""US""]",4,2,39,122
508883,The Boy and the Heron,ja,2023-07-14,18.1308,7.403,2603,50000000,294200000,124,Released,False,0,"[""Animation"", ""Fantasy"", ""Drama""]","[""JP""]",1,1,56,424
460465,Mortal Kombat,en,2021-04-07,18.12,6.982,6281,20000000,84426031,110,Released,False,1,"[""Action"", ""Fantasy"", ""Adventure""]","[""US""]",3,3,14,269
558449,Gladiator II,en,2024-11-13,15.1341,6.616,4341,310000000,462180717,148,Released,False,1,"[""Action"", ""Adventure"", ""Drama""]","[""US""]",3,1,26,380
385687,Fast X,en,2023-05-17,17.2716,6.997,6271,340000000,704709660,142,Released,False,1,"[""Action"", ""Crime"", ""Thriller""]","[""US""]",4,2,27,400
823464,Godzilla x Kong: The New Empire,en,2024-03-27,17.8167,7.045,4608,150000000,571750016,115,Released,False,1,"[""Action"", ""Adventure"", ""Science Fiction""]","[""US""]",1,1,28,178
315162,Puss in Boots: The Last Wish,en,2022-12-07,17.6502,8.201,8753,90000000,484700000,103,Released,False,1,"[""Animation"", ""Adventure"", ""Fantasy"", ""Comedy"", ""Family""]","[""US""]",1,2,31,250
1022787,Elio,en,2025-06-18,17.6449,6.916,947,150000000,154291182,98,Released,False,0,"[""Adventure"", ""Animation"", ""Comedy"", ""Family"", ""Science Fiction""]","[""US""]",1,1,43,246
560016,Monkey Man,en,2024-04-03,17.4984,6.878,1379,10000000,35271631,122,Released,False,0,"[""Action"", ""Thriller""]","[""CA"", ""SG"", ""US""]",7,2,41,475
318256,Hot Girls Wanted,en,2015-01-24,17.4841,6.083,703,0,0,84,Released,False,0,"[""Documentary""]","[""US""]",1,1,42,142
1015606,Obi-Wan Kenobi: A Jedi's Return,en,2022-09-07,17.3199,6.8,1010,0,0,60,Released,False,0,"[""Documentary""]","[""US""]",2,1,0,373
447273,Snow White,en,2025-03-19,17.3021,4.327,1608,271600000,205679463,109,Released,False,0,"[""Family"", ""Fantasy""]","[""US""]",2,1,31,433
677638,We Bare Bears: The Movie,en,2020-06-30,16.1562,7.838,845,0,0,69,Released,False,0,"[""Animation"", ""Adventure"", ""Family"", ""Comedy"", ""TV Movie""]","[""US""]",1,1,40,198
76341,Mad Max: Fury Road,en,2015-05-13,17.1827,7.6,23970,150000000,378858340,121,Released,False,1,"[""Action"", ""Adventure"", ""Science Fiction""]","[""AU"", ""US""]",4,1,30,270
475557,Joker,en,2019-10-01,16.7999,8.126,27577,55000000,1078958629,122,Released,False,1,"[""Crime"", ""Thriller"", ""Drama""]","[""CA"", ""US""]",5,1,20,169
762509,Mufasa: The Lion King,en,2024-12-18,16.9858,7.31,2623,200000000,722631756,118,Released,False,1,"[""Adventure"", ""Family"", ""Animation""]","[""US""]",1,1,41,203
877817,Wolfs,en,2024-09-20,16.9843,6.534,1406,80000000,0,108,Released,False,0,"[""Crime"", ""Comedy""]","[""US""]",4,2,57,151
786892,Furiosa: A Mad Max Saga,en,2024-05-22,16.9828,7.451,4803,168000000,174287546,149,Released,False,1,"[""Action"", ""Science Fiction"", ""Adventure""]","[""AU"", ""US""]",3,1,13,369
974576,Conclave,en,2024-10-25,16.8657,7.187,3343,20000000,115657988,120,Released,False,0,"[""Drama"", ""Thriller""]","[""GB"", ""US""]",3,4,55,327
1291608,Dhurandhar,hi,2025-12-05,15.7665,7.1,259,22500000,170000000,212,Released,False,1,"[""Action"", ""Crime"", ""Thriller""]","[""IN""]",2,3,0,184
1043197,Dust Bunny,en,2025-12-11,15.2977,6.652,255,0,928164,106,Released,False,0,"[""Fantasy"", ""Action"", ""Horror""]","[""US"", ""CA"", ""HU""]",4,1,51,212
1363123,The Family Plan 2,en,2025-11-11,16.7626,6.542,547,0,0,106,Released,False,1,"[""Action"", ""Comedy""]","[""US""]",2,4,35,245
313369,La La Land,en,2016-12-01,16.7131,7.898,18012,30000000,509183536,129,Released,False,0,"[""Comedy"", ""Drama"", ""Romance""]","[""US""]",4,1,30,362
284053,Thor: Ragnarok,en,2017-10-02,16.6954,7.58,21910,180000000,855301806,131,Released,False,1,"[""Action"", ""Science Fiction"", ""Comedy""]","[""US""]",1,1,22,264
1100988,28 Years Later,en,2025-06-18,16.3903,6.601,2449,60000000,151308832,115,Released,False,1,"[""Horror"", ""Thriller"", ""Science Fiction""]","[""GB"", ""US""]",4,2,26,321
1252309,Tell Me What You Want,es,2024-11-29,15.5028,6.133,283,0,2265661,114,Released,False,0,"[""Romance"", ""Drama""]","[""ES""]",4,1,0,243
1087891,The Amateur,en,2025-04-09,16.3413,6.949,1569,60000000,96000836,123,Released,False,0,"[""Thriller"", ""Action""]","[""US""]",4,6,24,207
329865,Arrival,en,2016-11-10,16.1864,7.624,19222,47000000,203388186,116,Released,False,0,"[""Drama"", ""Science Fiction"", ""Mystery""]","[""US""]",3,3,18,159
105864,The Good Dinosaur,en,2015-11-14,15.3738,6.736,5945,175000000,332207671,93,Released,False,0,"[""Adventure"", ""Animation"", ""Family""]","[""US""]",2,1,47,107
1071585,M3GAN 2.0,en,2025-06-25,14.0217,7.21,1279,15000000,39085942,120,Released,False,1,"[""Action"", ""Science Fiction"", ""Thriller""]","[""US""]",3,2,8,290
1327862,Regretting You,en,2025-10-22,14.2705,6.954,372,30000000,90452948,116,Released,False,0,"[""Romance"", ""Drama""]","[""US"", ""DE""]",5,1,32,205
412117,The Secret Life of Pets 2,en,2019-05-24,16.2311,6.946,3308,80000000,429434163,86,Released,False,1,"[""Family"", ""Comedy"", ""Adventure"", ""Animation""]","[""US""]",2,1,30,377
1317149,I Swear,en,2025-09-22,16.2112,8.261,255,6000000,13133643,120,Released,False,0,"[""Drama"", ""History""]","[""GB"", ""IE""]",3,1,55,223
539972,Kraven the Hunter,en,2024-12-11,16.1815,6.428,2298,130000000,62076533,127,Released,False,0,"[""Action"", ""Adventure"", ""Thriller""]","[""US""]",3,3,35,246
1493859,Pizza Movie,en,2026-03-13,14.0645,6.4,87,0,0,98,Released,False,0,"[""Comedy""]","[""US""]",3,1,18,249
286217,The Martian,en,2015-09-30,16.0841,7.695,21083,108000000,631058917,141,Released,False,0,"[""Science Fiction"", ""Drama"", ""Adventure""]","[""US""]",4,2,15,343
1584215,The Internship,en,2026-01-13,15.992,6.129,66,0,0,91,Released,False,0,"[""Action""]","[""US""]",1,2,0,176
447365,Guardians of the Galaxy Vol. 3,en,2023-05-03,15.9722,7.922,8205,250000000,845550000,150,Released,False,1,"[""Science Fiction"", ""Adventure"", ""Action""]","[""US""]",2,1,23,263
1242501,Icefall,en,2025-10-16,15.9583,6.345,153,0,0,99,Released,False,0,"[""Action"", ""Crime"", ""Thriller""]","[""US""]",2,2,0,379
945961,Alien: Romulus,en,2024-08-13,15.8917,7.166,4476,80000000,350865342,119,Released,False,1,"[""Horror"", ""Science Fiction""]","[""US""]",4,3,30,163
1010756,The Strangers: Chapter 2,en,2025-09-25,15.7647,6.125,292,8000000,21921749,98,Released,False,1,"[""Horror"", ""Thriller""]","[""GB"", ""US""]",5,1,32,277
378236,The Emoji Movie,en,2017-07-23,15.7556,5.391,3303,50000000,216909830,86,Released,False,0,"[""Animation"", ""Family"", ""Comedy""]","[""US""]",3,1,26,81
419430,Get Out,en,2017-02-24,15.7538,7.622,18776,4500000,255407969,104,Released,False,0,"[""Mystery"", ""Thriller"", ""Horror""]","[""US""]",3,1,57,353
766507,Prey,en,2022-08-02,15.7226,7.658,7647,65000000,0,100,Released,False,1,"[""Thriller"", ""Action"", ""Science Fiction""]","[""US""]",3,2,36,224
801335,Girl in the Basement,en,2021-02-27,14.3312,7.566,845,0,0,88,Released,False,0,"[""Thriller"", ""Crime"", ""TV Movie""]","[""US""]",3,1,0,206
646380,Don't Look Up,en,2021-12-08,15.6476,7.1,9262,75000000,791863,138,Released,False,0,"[""Comedy"", ""Science Fiction"", ""Drama""]","[""US""]",1,1,31,144
1381027,Good Boy,en,2026-03-06,15.6118,7.297,79,0,0,110,Released,False,0,"[""Thriller"", ""Drama"", ""Mystery""]","[""GB"", ""PL""]",6,1,36,339
519465,Queen of Hearts,da,2019-03-27,14.9903,6.906,373,19000000,0,127,Released,False,0,"[""Drama""]","[""DK"", ""SE""]",3,2,0,436
572802,Aquaman and the Lost Kingdom,en,2023-12-20,15.5521,6.523,3456,205000000,440181226,124,Released,False,1,"[""Action"", ""Adventure"", ""Fantasy""]","[""US""]",5,3,20,241
967941,Wicked: For Good,en,2025-11-19,15.5125,6.625,945,150000000,539042601,137,Released,False,1,"[""Fantasy"", ""Adventure"", ""Romance""]","[""US""]",2,1,20,299
575264,Mission: Impossible - Dead Reckoning Part One,en,2023-07-08,15.5088,7.5,5059,220000000,571125435,164,Released,False,1,"[""Action"", ""Thriller"", ""Adventure""]","[""US""]",3,4,27,483
822119,Captain America: Brave New World,en,2025-02-12,14.8233,5.978,3039,180000000,415101577,119,Released,False,1,"[""Action"", ""Thriller"", ""Science Fiction""]","[""US""]",2,3,28,243
346364,It,en,2017-09-06,15.4497,7.2,20241,35000000,719766009,135,Released,False,1,"[""Horror"", ""Thriller"", ""Drama""]","[""US""]",4,1,17,175
1181678,¿Quieres ser mi hijo?,en,2023-09-21,15.4353,8.469,321,0,0,100,Released,False,1,"[""Comedy"", ""Romance""]","[""US""]",1,1,0,203
985939,Fall,en,2022-08-11,15.4123,7.1,4468,3000000,17363261,107,Released,False,1,"[""Thriller""]","[""US"", ""GB""]",3,1,25,396
546554,Knives Out,en,2019-11-27,13.8319,7.839,13920,40000000,312897920,131,Released,False,1,"[""Comedy"", ""Crime"", ""Mystery""]","[""US""]",2,2,37,369
696506,Mickey 17,en,2025-02-28,15.1654,6.829,3456,118000000,133542263,137,Released,False,0,"[""Science Fiction"", ""Comedy"", ""Adventure""]","[""US"", ""GB""]",5,1,27,172
284054,Black Panther,en,2018-02-13,15.1451,7.361,23387,200000000,1349926083,135,Released,False,1,"[""Action"", ""Adventure"", ""Science Fiction""]","[""US""]",1,4,19,559
453395,Doctor Strange in the Multiverse of Madness,en,2022-05-04,15.1293,7.224,10230,290000000,955775804,126,Released,False,1,"[""Fantasy"", ""Action"", ""Adventure""]","[""US""]",2,3,33,185
296096,Me Before You,en,2016-06-01,15.0987,7.917,13166,20000000,207945075,110,Released,False,0,"[""Drama"", ""Romance""]","[""US""]",3,1,12,338
940551,Migration,en,2023-12-06,12.8373,7.349,2218,72000000,298776052,83,Released,False,0,"[""Family"", ""Comedy"", ""Adventure"", ""Animation""]","[""US""]",2,1,18,200
337167,Fifty Shades Freed,en,2018-01-17,14.945,6.673,8325,55000000,371985018,105,Released,False,1,"[""Drama"", ""Romance""]","[""US""]",3,1,22,325
615457,Nobody,en,2021-03-18,14.1604,7.88,8245,16000000,57512470,91,Released,False,1,"[""Action"", ""Thriller""]","[""US""]",3,3,29,267
283995,Guardians of the Galaxy Vol. 2,en,2017-04-19,14.9283,7.608,22827,200000000,863756051,137,Released,False,1,"[""Science Fiction"", ""Adventure"", ""Action""]","[""US""]",1,1,32,126
639988,No Other Choice,ko,2025-09-24,14.9168,7.55,960,12200000,40223568,140,Released,False,0,"[""Comedy"", ""Crime"", ""Thriller""]","[""KR"", ""FR""]",3,2,25,156
763164,Apex,en,2021-11-12,14.8762,5.145,606,0,0,93,Released,False,0,"[""Action"", ""Thriller"", ""Science Fiction""]","[""CA"", ""AE"", ""US"", ""GB""]",6,1,27,295
497698,Black Widow,en,2021-07-07,14.7849,7.17,11162,200000000,379751131,134,Released,False,0,"[""Action"", ""Adventure"", ""Science Fiction""]","[""US""]",1,2,35,332
882569,Guy Ritchie's The Covenant,en,2023-04-19,14.4393,7.719,3134,55000000,21948551,123,Released,False,0,"[""War"", ""Action"", ""Thriller""]","[""GB"", ""US""]",2,2,31,132
926393,The Equalizer 3,en,2023-08-30,14.7373,7.29,3669,70000000,191067560,109,Released,False,1,"[""Action"", ""Thriller"", ""Crime""]","[""IT"", ""US""]",4,3,24,236
701387,Bugonia,en,2025-10-23,14.7343,7.359,1794,50000000,40796580,119,Released,False,0,"[""Science Fiction"", ""Thriller"", ""Comedy""]","[""IE"", ""KR"", ""US"", ""CA""]",6,1,45,147
1075175,How to Have Sex,en,2023-11-02,14.6767,6.25,486,0,1216642,91,Released,False,0,"[""Drama""]","[""GB"", ""GR"", ""FR"", ""BE""]",7,1,0,145
645710,The Voyeurs,en,2021-08-25,14.6763,6.51,1155,0,0,117,Released,False,0,"[""Thriller""]","[""US""]",1,4,38,336
150689,Cinderella,en,2015-03-06,14.6735,6.822,7367,95000000,543514353,105,Released,False,0,"[""Romance"", ""Fantasy"", ""Family"", ""Drama""]","[""GB"", ""US""]",4,1,31,228
588228,The Tomorrow War,en,2021-09-03,14.6627,7.468,4060,200000000,14400000,138,Released,False,0,"[""Action"", ""Science Fiction"", ""Adventure""]","[""US""]",3,1,36,572
383498,Deadpool 2,en,2018-05-15,14.651,7.49,19124,110000000,785896632,120,Released,False,1,"[""Action"", ""Comedy"", ""Adventure""]","[""US""]",4,4,30,108
615777,Babylon,en,2022-12-22,14.6452,7.359,3736,78000000,65267446,189,Released,False,0,"[""Drama"", ""Comedy""]","[""US""]",5,5,20,228
545611,Everything Everywhere All at Once,en,2022-03-24,14.6245,7.719,7858,25000000,139200000,140,Released,False,0,"[""Action"", ""Adventure"", ""Science Fiction""]","[""US""]",5,3,48,179
577922,Tenet,en,2020-08-22,14.6125,7.174,11024,205000000,365304105,150,Released,False,0,"[""Action"", ""Thriller"", ""Science Fiction""]","[""GB"", ""US""]",2,4,14,223
812583,Wake Up Dead Man: A Knives Out Mystery,en,2025-11-26,14.5506,7.205,2384,210000000,4000000,145,Released,False,1,"[""Thriller"", ""Mystery"", ""Comedy""]","[""US""]",1,1,28,377
1242419,Roofman,en,2025-10-08,14.4584,7.1,729,18000000,34263666,126,Released,False,0,"[""Crime"", ""Comedy"", ""Drama""]","[""US""]",7,1,47,469
1119878,Ice Road: Vengeance,en,2025-06-27,14.4124,6.254,610,0,0,113,Released,False,1,"[""Action"", ""Thriller"", ""Drama""]","[""US""]",4,3,0,373
530385,Midsommar,en,2019-07-03,14.3854,7.152,8002,9000000,48498408,147,Released,False,0,"[""Horror"", ""Drama"", ""Mystery""]","[""SE"", ""US""]",2,2,26,353
585511,Luck,en,2022-08-05,14.2461,7.724,1937,0,0,105,Released,False,0,"[""Animation"", ""Adventure"", ""Comedy"", ""Fantasy"", ""Family""]","[""ES"", ""US""]",3,1,53,167
646385,Scream,en,2022-01-12,14.2048,6.7,3836,24000000,138874789,114,Released,False,1,"[""Horror"", ""Mystery""]","[""US""]",4,1,29,222
420818,The Lion King,en,2019-07-12,14.2009,7.098,10710,260000000,1662020819,118,Released,False,1,"[""Adventure"", ""Drama"", ""Family"", ""Animation""]","[""US""]",2,1,22,466
321612,Beauty and the Beast,en,2017-03-16,14.1918,6.968,15968,160000000,1266115964,129,Released,False,0,"[""Family"", ""Fantasy"", ""Romance""]","[""US""]",2,2,13,142
1426964,State of Fear,pt,2026-02-10,14.1764,5.636,66,0,0,103,Released,False,0,"[""Action"", ""Thriller"", ""Crime"", ""Drama""]","[""BR""]",1,1,0,153
1084199,Companion,en,2025-01-22,12.906,7.006,2227,10000000,36869122,97,Released,False,0,"[""Horror"", ""Science Fiction"", ""Thriller""]","[""US""]",5,5,31,276
466272,Once Upon a Time... in Hollywood,en,2019-07-24,14.0785,7.4,14751,95000000,392105159,162,Released,False,1,"[""Comedy"", ""Drama"", ""Thriller""]","[""CN"", ""GB"", ""US""]",3,3,43,333
291805,Now You See Me 2,en,2016-06-02,14.0643,6.827,11517,120000000,334897606,129,Released,False,1,"[""Crime"", ""Thriller""]","[""HK"", ""US""]",4,3,30,247
181812,Star Wars: The Rise of Skywalker,en,2019-12-18,13.2579,6.273,10760,489900000,1074144248,142,Released,False,1,"[""Adventure"", ""Action"", ""Science Fiction""]","[""US""]",2,1,19,194
1284460,Alpha,fr,2025-08-20,14.015,6.4,109,0,0,128,Released,False,0,"[""Horror"", ""Drama"", ""Science Fiction""]","[""FR"", ""BE""]",9,3,19,136
537915,After,en,2019-04-11,14.0114,7.109,8504,14000000,69497587,106,Released,False,1,"[""Drama"", ""Romance""]","[""US""]",6,1,41,333
746036,The Fall Guy,en,2024-04-24,13.9829,6.958,3667,125000000,181073291,127,Released,False,0,"[""Action"", ""Comedy"", ""Romance""]","[""US"", ""AU""]",4,1,10,196
1248226,Playdate,en,2025-11-04,13.9781,6.03,574,0,0,93,Released,False,0,"[""Action"", ""Comedy"", ""Family""]","[""US"", ""CA""]",5,1,23,244
1011477,Karate Kid: Legends,en,2025-05-08,13.9764,7.002,1168,45000000,117105466,94,Released,False,1,"[""Action"", ""Adventure"", ""Drama""]","[""US""]",3,2,39,430
436270,Black Adam,en,2022-10-19,13.9453,6.811,6970,200000000,393452111,125,Released,False,0,"[""Action"", ""Adventure"", ""Science Fiction""]","[""US""]",5,1,61,225
713704,Evil Dead Rise,en,2023-04-12,14.8998,6.914,3614,15000000,147156372,96,Released,False,0,"[""Horror"", ""Thriller""]","[""NZ"", ""IE"", ""US""]",3,1,25,207
298618,The Flash,en,2023-06-13,13.8451,6.615,4943,220000000,271333313,144,Released,False,0,"[""Action"", ""Science Fiction"", ""Adventure""]","[""US""]",4,3,15,381
426063,Nosferatu,en,2024-12-25,13.8388,6.707,3594,50000000,181805645,133,Released,False,0,"[""Horror"", ""Fantasy""]","[""US""]",4,5,24,139
324552,John Wick: Chapter 2,en,2017-02-08,13.7891,7.336,14169,40000000,171539887,122,Released,False,1,"[""Action"", ""Thriller"", ""Crime""]","[""US""]",3,4,33,252
337339,The Fate of the Furious,en,2017-04-12,13.757,6.855,10770,250000000,1236000000,136,Released,False,1,"[""Action"", ""Crime"", ""Thriller""]","[""US""]",3,2,24,157
616037,Thor: Love and Thunder,en,2022-07-06,13.8907,6.371,8502,250000000,760928081,119,Released,False,1,"[""Fantasy"", ""Action"", ""Comedy""]","[""US""]",2,1,24,388
297762,Wonder Woman,en,2017-05-30,13.8544,7.208,20838,149000000,823970682,141,Released,False,1,"[""Action"", ""Adventure"", ""Fantasy""]","[""US""]",4,2,29,147
628847,Trap House,en,2025-11-14,13.664,6.543,256,0,0,103,Released,False,0,"[""Action"", ""Crime"", ""Thriller""]","[""GB"", ""US""]",9,1,36,266
424694,Bohemian Rhapsody,en,2018-10-24,13.6612,7.958,17699,52000000,910813521,135,Released,False,0,"[""Music"", ""Drama""]","[""US""]",4,1,23,405
1097549,Babygirl,en,2024-12-25,13.6527,5.694,1174,20000000,60934894,115,Released,False,0,"[""Romance"", ""Thriller""]","[""US"", ""NL""]",3,1,26,119
666277,Past Lives,en,2023-06-02,13.644,7.711,2278,12000000,28126646,106,Released,False,0,"[""Drama"", ""Romance""]","[""US"", ""KR""]",4,2,0,182
1064213,Anora,en,2024-10-14,12.5008,7.06,3096,6000000,56286295,139,Released,False,0,"[""Drama"", ""Comedy"", ""Romance""]","[""US""]",2,3,17,244
940721,Godzilla Minus One,ja,2023-11-03,13.6284,7.57,3111,15000000,113676322,125,Released,False,1,"[""Science Fiction"", ""Horror"", ""Action""]","[""JP""]",3,2,35,244
209112,Batman v Superman: Dawn of Justice,en,2016-03-23,14.1958,5.993,18900,250000000,874362803,152,Released,False,1,"[""Action"", ""Adventure"", ""Fantasy""]","[""US""]",5,1,57,375
359724,Ford v Ferrari,en,2019-11-13,13.5311,8.006,8907,97600000,225508210,153,Released,False,0,"[""Drama"", ""Action"", ""History""]","[""US""]",4,4,40,329
299537,Captain Marvel,en,2019-03-06,13.5075,6.783,16670,152000000,1131416446,124,Released,False,1,"[""Action"", ""Adventure"", ""Science Fiction""]","[""US""]",1,1,24,305
284052,Doctor Strange,en,2016-10-25,13.478,7.418,23335,180000000,676343174,115,Released,False,1,"[""Fantasy"", ""Adventure"", ""Action""]","[""US""]",1,1,32,178
800158,The Killer,en,2023-10-25,13.4586,6.585,2777,175000000,362113,118,Released,False,0,"[""Crime"", ""Thriller""]","[""US""]",1,3,24,124
246655,X-Men: Apocalypse,en,2016-05-18,13.4028,6.521,13704,178000000,543934787,144,Released,False,1,"[""Science Fiction"", ""Fantasy"", ""Action""]","[""US""]",7,6,29,137
1401778,Turbulence,en,2025-11-26,13.3382,6.647,109,0,0,91,Released,False,0,"[""Thriller"", ""Action"", ""Adventure"", ""Drama"", ""Fantasy""]","[""US"", ""GB""]",6,1,18,279
1257009,Primitive War,en,2025-08-21,13.2975,6.5,267,0,217753,133,Released,False,0,"[""Action"", ""Horror"", ""War"", ""Science Fiction""]","[""AU""]",1,3,31,222
263115,Logan,en,2017-02-28,13.2914,7.819,20310,97000000,619021436,137,Released,False,1,"[""Action"", ""Drama"", ""Science Fiction""]","[""US""]",6,2,23,225
507086,Jurassic World Dominion,en,2022-06-01,13.0607,6.601,6994,465000000,1004004592,147,Released,False,1,"[""Adventure"", ""Action"", ""Science Fiction""]","[""US""]",2,1,40,307
1480382,The Voice of Hind Rajab,ar,2025-09-10,13.2571,8.061,277,0,5058441,89,Released,False,0,"[""Drama"", ""History""]","[""FR"", ""TN"", ""US"", ""GB"", ""CY"", ""SA"", ""IT"", ""NL""]",21,2,33,269
840326,Sisu,fi,2022-09-09,13.2486,7.41,2792,6600000,14281199,91,Released,False,1,"[""Action"", ""War"", ""Thriller""]","[""FI"", ""GB"", ""US""]",3,2,20,156
47971,xXx: Return of Xander Cage,en,2017-01-13,13.2425,6.132,9205,85000000,346118277,107,Released,False,1,"[""Action"", ""Adventure"", ""Crime""]","[""CA"", ""CN"", ""US""]",8,1,52,147
458156,John Wick: Chapter 3 - Parabellum,en,2019-05-15,13.2357,7.437,11652,55000000,328349908,131,Released,False,1,"[""Action"", ""Thriller"", ""Crime""]","[""US""]",3,8,35,309
1032892,In the Blink of an Eye,en,2026-01-26,13.1919,5.5,105,0,0,94,Released,False,0,"[""Science Fiction"", ""Drama""]","[""US""]",2,1,56,113
1083637,Kantara - A Legend: Chapter 1,kn,2025-10-01,13.1652,7.169,77,14000000,91000000,165,Released,False,1,"[""Action"", ""Drama"", ""Fantasy""]","[""IN""]",1,1,0,458
168259,Furious 7,en,2015-04-01,13.1082,7.217,11227,190000000,1515400000,137,Released,False,1,"[""Action"", ""Crime"", ""Thriller""]","[""US""]",3,4,20,91
343611,Jack Reacher: Never Go Back,en,2016-10-19,12.2324,6.0,5299,60000000,162100000,118,Released,False,1,"[""Action"", ""Thriller"", ""Drama"", ""Crime""]","[""CN"", ""US""]",5,1,44,352
917496,Beetlejuice Beetlejuice,en,2024-09-04,11.1398,6.936,3080,99000000,452000435,105,Released,False,1,"[""Comedy"", ""Fantasy"", ""Horror""]","[""US""]",6,1,32,237
454626,Sonic the Hedgehog,en,2020-02-12,12.3411,7.285,10346,85000000,319715683,99,Released,False,1,"[""Action"", ""Science Fiction"", ""Comedy"", ""Family""]","[""JP"", ""US""]",6,1,26,311
420817,Aladdin,en,2019-05-22,13.0573,7.085,10574,183000000,1054304000,127,Released,False,0,"[""Adventure"", ""Fantasy"", ""Romance"", ""Family""]","[""US""]",2,1,14,244
1198984,We Bury the Dead,en,2026-01-01,13.0522,6.0,180,0,3745163,95,Released,False,0,"[""Horror"", ""Thriller""]","[""AU"", ""US""]",6,1,18,158
353081,Mission: Impossible - Fallout,en,2018-07-25,11.6137,7.447,9079,178000000,824171374,147,Released,False,1,"[""Action"", ""Adventure""]","[""US""]",4,2,31,318
589761,Chernobyl: Abyss,ru,2021-04-15,13.0437,6.236,564,9100000,6459306,136,Released,False,0,"[""Drama"", ""History"", ""Action""]","[""RU""]",7,2,0,335
490132,Green Book,en,2018-11-16,12.9947,8.223,12782,23000000,321752656,130,Released,False,0,"[""Drama"", ""Comedy"", ""History""]","[""US""]",4,3,30,296
399579,Alita: Battle Angel,en,2019-01-31,12.9904,7.244,9924,170000000,405000000,122,Released,False,0,"[""Action"", ""Science Fiction"", ""Adventure""]","[""US""]",4,2,32,262
301528,Toy Story 4,en,2019-06-19,12.9371,7.465,10460,175000000,1073841394,100,Released,False,1,"[""Family"", ""Comedy"", ""Animation"", ""Adventure""]","[""US""]",1,1,28,337
273481,Sicario,en,2015-09-17,12.9013,7.4,9480,30000000,84997446,122,Released,False,1,"[""Action"", ""Crime"", ""Thriller""]","[""US""]",3,2,41,153
812037,Last Summer,fr,2023-09-13,12.786,6.08,244,0,1022551,104,Released,False,0,"[""Drama""]","[""FR""]",1,1,0,179
941109,Play Dirty,en,2025-09-30,12.8834,6.561,602,2500000,0,125,Released,False,0,"[""Crime"", ""Action"", ""Thriller""]","[""US""]",2,2,24,172
527774,Raya and the Last Dragon,en,2021-03-03,12.8092,7.8,7239,100000000,130423032,107,Released,False,0,"[""Animation"", ""Family"", ""Fantasy"", ""Adventure"", ""Action""]","[""US""]",1,1,26,366
536554,M3GAN,en,2022-12-28,12.7905,7.026,4766,12000000,181796517,102,Released,False,1,"[""Science Fiction"", ""Horror""]","[""US""]",3,1,36,278
1406657,Scarlet,ja,2025-11-21,11.1187,7.2,78,0,1730000,112,Released,False,0,"[""Animation"", ""Action"", ""Drama"", ""Science Fiction""]","[""JP"", ""US""]",6,1,0,328
399402,Hunter Killer,en,2018-10-19,13.0909,6.901,2382,40000000,31672678,121,Released,False,0,"[""Action"", ""Adventure"", ""Thriller""]","[""FR"", ""US""]",10,2,17,168
698508,Redeeming Love,en,2022-01-21,12.7292,7.84,732,30000000,9464198,134,Released,False,0,"[""Romance"", ""Drama"", ""Western""]","[""ZA"", ""US""]",5,1,36,345
378064,A Silent Voice: The Movie,ja,2016-09-17,12.72,8.385,4446,0,30819442,129,Released,False,0,"[""Animation"", ""Drama"", ""Romance""]","[""JP""]",6,1,56,449
330457,Frozen II,en,2019-11-20,12.7196,7.232,10241,150000000,1453683476,103,Released,False,1,"[""Family"", ""Animation"", ""Adventure"", ""Comedy"", ""Fantasy""]","[""US""]",1,1,30,116
458723,Us,en,2019-03-14,12.7059,6.95,8014,20000000,256071218,116,Released,False,0,"[""Horror"", ""Mystery""]","[""US""]",7,1,15,234
505642,Black Panther: Wakanda Forever,en,2022-11-09,12.6927,7.0,7405,250000000,859102154,162,Released,False,1,"[""Action"", ""Adventure"", ""Science Fiction""]","[""US""]",1,5,8,336
1630433,The Red Line,th,2026-03-22,12.6625,6.9,52,0,0,135,Released,False,0,"[""Thriller"", ""Crime"", ""Drama""]","[""TH""]",1,1,76,149
260514,Cars 3,en,2017-06-15,12.5996,6.9,6346,175000000,383925276,102,Released,False,1,"[""Animation"", ""Drama"", ""Family""]","[""US""]",1,1,41,317
1125257,Freakier Friday,en,2025-08-06,12.5894,6.84,666,42000000,153176952,110,Released,False,1,"[""Comedy"", ""Fantasy"", ""Family""]","[""US""]",3,1,17,253
843527,The Idea of You,en,2024-05-02,11.7008,7.3,1912,0,36178,116,Released,False,0,"[""Music"", ""Comedy"", ""Romance"", ""Drama""]","[""US""]",5,1,63,395
615453,Ne Zha,zh,2019-07-26,12.5685,7.892,842,22000000,742718496,110,Released,False,1,"[""Animation"", ""Fantasy"", ""Adventure""]","[""CN""]",4,1,15,231
1180831,Troll 2,no,2025-11-30,12.4728,6.398,461,11200000,0,102,Released,False,1,"[""Action"", ""Fantasy"", ""Thriller""]","[""NO""]",1,1,25,143
259694,How to Be Single,en,2016-02-08,12.0344,6.255,3346,38000000,112343513,110,Released,False,0,"[""Comedy"", ""Romance""]","[""US""]",3,1,21,226
297802,Aquaman,en,2018-12-07,11.8327,6.867,14852,160000000,1152028393,143,Released,False,1,"[""Action"", ""Adventure"", ""Fantasy""]","[""US""]",1,1,16,123
345940,The Meg,en,2018-08-09,12.3491,6.247,8150,150000000,530517320,113,Released,False,1,"[""Action"", ""Science Fiction"", ""Horror""]","[""CN"", ""US""]",6,4,19,177
580489,Venom: Let There Be Carnage,en,2021-09-30,12.3176,6.746,11120,110000000,506863592,97,Released,False,1,"[""Science Fiction"", ""Action"", ""Adventure""]","[""US""]",4,2,21,161
667538,Transformers: Rise of the Beasts,en,2023-06-06,12.3147,7.2,5235,195000000,441381193,127,Released,False,0,"[""Science Fiction"", ""Adventure"", ""Action""]","[""US""]",7,3,14,333
976573,Elemental,en,2023-06-14,11.7271,7.577,5250,200000000,496444308,102,Released,False,0,"[""Animation"", ""Family"", ""Romance"", ""Fantasy"", ""Comedy""]","[""US""]",1,1,16,178
615656,Meg 2: The Trench,en,2023-08-02,10.7857,6.377,3928,129000000,398500317,116,Released,False,1,"[""Action"", ""Science Fiction"", ""Horror""]","[""CN"", ""US""]",6,1,17,216
791373,Zack Snyder's Justice League,en,2021-03-18,12.1185,8.089,10744,70000000,0,242,Released,False,0,"[""Action"", ""Adventure"", ""Fantasy""]","[""US""]",6,1,10,231
1124620,The Monkey,en,2025-02-14,12.2296,5.998,1270,10000000,68871071,97,Released,False,0,"[""Horror"", ""Comedy""]","[""CA"", ""US""]",7,1,37,229
207703,Kingsman: The Secret Service,en,2015-01-24,12.1466,7.619,17742,81000000,414351546,129,Released,False,1,"[""Crime"", ""Comedy"", ""Action"", ""Adventure""]","[""GB"", ""US""]",4,3,19,209
675353,Sonic the Hedgehog 2,en,2022-03-30,12.1048,7.433,5832,110000000,405421518,123,Released,False,1,"[""Action"", ""Adventure"", ""Family"", ""Comedy""]","[""JP"", ""US""]",6,1,26,402
760104,X,en,2022-03-17,12.0618,6.718,3914,1000000,15113105,106,Released,False,1,"[""Horror"", ""Thriller""]","[""US""]",2,1,30,196
198184,Chappie,en,2015-03-04,12.0411,6.787,8426,49000000,104399548,120,Released,False,0,"[""Crime"", ""Action"", ""Science Fiction""]","[""US"", ""ZA""]",5,1,45,385
508442,Soul,en,2020-12-25,12.0306,8.093,11338,150000000,121977511,101,Released,False,0,"[""Animation"", ""Family"", ""Drama"", ""Music"", ""Fantasy""]","[""US""]",1,1,55,464
982843,The Great Flood,ko,2025-09-18,12.0284,5.995,675,0,0,107,Released,False,0,"[""Science Fiction"", ""Adventure"", ""Drama""]","[""KR""]",1,1,51,147
718930,Bullet Train,en,2022-08-03,12.012,7.412,7439,90000000,239268602,126,Released,False,0,"[""Action"", ""Comedy"", ""Thriller""]","[""US""]",2,4,42,327
259693,The Conjuring 2,en,2016-06-08,11.9942,7.292,9122,40000000,322819915,134,Released,False,1,"[""Horror""]","[""US""]",4,1,66,138
670292,The Creator,en,2023-09-27,11.982,7.005,3775,80000000,104272136,134,Released,False,0,"[""Science Fiction"", ""Action"", ""Adventure""]","[""CA"", ""US""]",4,4,39,331
493922,Hereditary,en,2018-06-07,11.9355,7.293,8502,10000000,87796204,128,Released,False,0,"[""Horror"", ""Mystery"", ""Thriller""]","[""US"", ""GB""]",4,1,33,282
787699,Wonka,en,2023-12-06,10.411,7.039,4346,125000000,634502312,117,Released,False,1,"[""Comedy"", ""Family"", ""Fantasy""]","[""GB"", ""US""]",5,1,52,228
1010600,The Strangers: Chapter 1,en,2024-05-15,11.9124,5.668,741,8500000,48166448,91,Released,False,1,"[""Horror"", ""Thriller""]","[""GB"", ""US""]",5,1,25,228
635302,Demon Slayer -Kimetsu no Yaiba- The Movie: Mugen Train,ja,2020-10-16,11.9072,8.2,4456,15700000,523542183,117,Released,False,1,"[""Animation"", ""Action"", ""Fantasy""]","[""JP""]",4,1,47,352
264660,Ex Machina,en,2015-01-21,11.8788,7.574,14181,15000000,36869414,108,Released,False,0,"[""Drama"", ""Science Fiction""]","[""GB"", ""US""]",4,1,53,428
373571,Godzilla: King of the Monsters,en,2019-05-29,11.8667,6.687,6664,170000000,387300138,132,Released,False,1,"[""Science Fiction"", ""Action""]","[""CN"", ""JP"", ""US""]",3,3,19,411
1034541,Terrifier 3,en,2024-10-09,11.8388,6.789,1920,2000000,90322103,125,Released,False,1,"[""Horror""]","[""US""]",3,1,30,482
257211,The Intern,en,2015-09-23,11.8358,7.227,7273,35000000,194564672,121,Released,False,0,"[""Comedy""]","[""US""]",3,1,26,231
166426,Pirates of the Caribbean: Dead Men Tell No Tales,en,2017-05-23,10.8847,6.652,12741,230000000,795922298,129,Released,False,1,"[""Adventure"", ""Action"", ""Fantasy""]","[""US""]",3,1,21,460
257344,Pixels,en,2015-07-16,11.8191,5.77,8001,88000000,244874809,106,Released,False,0,"[""Action"", ""Comedy"", ""Science Fiction""]","[""CN"", ""FR"", ""IN"", ""US""]",7,1,20,115
810693,Jujutsu Kaisen 0,ja,2021-12-24,11.7937,8.103,1711,0,195870885,105,Released,False,1,"[""Animation"", ""Action"", ""Fantasy""]","[""JP""]",5,1,24,425
87101,Terminator Genisys,en,2015-06-23,11.7914,6.0,8926,155000000,440603537,126,Released,False,1,"[""Science Fiction"", ""Action"", ""Thriller""]","[""US"", ""CA""]",2,1,16,321
1241436,Warfare,en,2025-04-09,11.7885,7.073,1405,20000000,34902602,95,Released,False,0,"[""War"", ""Action""]","[""GB"", ""US""]",2,2,30,153
957119,Sidelined: The QB and Me,en,2025-02-06,11.7625,6.182,211,0,0,99,Released,False,1,"[""Comedy"", ""Romance""]","[""CA""]",4,1,26,391
1008042,Talk to Me,en,2023-07-26,8.6841,7.135,3678,4500000,91959188,95,Released,False,1,"[""Horror"", ""Fantasy""]","[""AU"", ""GB""]",6,3,25,194
438148,Minions: The Rise of Gru,en,2022-06-29,11.6818,7.27,3994,85000000,940203765,87,Released,False,1,"[""Action"", ""Animation"", ""Adventure"", ""Comedy"", ""Family"", ""Fantasy"", ""Science Fiction""]","[""US""]",2,1,20,163
480530,Creed II,en,2018-11-21,11.6673,7.027,5758,50000000,214200000,130,Released,False,1,"[""Drama"", ""Action""]","[""US""]",3,2,34,170
934433,Scream VI,en,2023-03-08,11.6486,6.948,3146,33000000,169063850,123,Released,False,1,"[""Horror"", ""Thriller"", ""Crime""]","[""US""]",4,1,20,109
1022256,Selena Gomez: My Mind & Me,en,2022-11-04,11.6213,8.508,586,0,0,95,Released,False,0,"[""Documentary"", ""Music""]","[""US""]",2,1,29,241
140607,Star Wars: The Force Awakens,en,2015-12-15,11.6195,7.2,20451,245000000,2068223624,136,Released,False,1,"[""Adventure"", ""Action"", ""Science Fiction""]","[""US""]",2,1,29,145
126889,Alien: Covenant,en,2017-05-09,11.6185,6.2,9359,97000000,240891763,122,Released,False,1,"[""Horror"", ""Science Fiction""]","[""US""]",3,2,36,186
698687,Transformers One,en,2024-09-11,11.5571,7.968,1589,75000000,129408392,104,Released,False,0,"[""Animation"", ""Science Fiction"", ""Adventure"", ""Family""]","[""US""]",6,1,19,171
1100782,Smile 2,en,2024-10-16,11.5508,6.583,2107,28000000,138128854,127,Released,False,1,"[""Horror"", ""Mystery"", ""Music""]","[""US""]",3,1,31,303
348893,Boyka: Undisputed IV,en,2016-08-01,11.2376,7.174,1442,0,63500000,87,Released,False,1,"[""Action"", ""Drama"", ""Thriller"", ""Crime""]","[""BG"", ""US""]",1,1,14,342
1294203,My Fault: London,en,2025-02-12,11.4962,7.38,548,0,0,119,Released,False,1,"[""Drama"", ""Romance""]","[""ES"", ""GB"", ""US""]",3,1,0,390
653346,Kingdom of the Planet of the Apes,en,2024-05-08,11.4787,7.055,4205,160000000,397378150,145,Released,False,1,"[""Science Fiction"", ""Adventure"", ""Action""]","[""US""]",3,1,26,384
406759,Moonfall,en,2022-02-02,11.4619,6.251,3541,146000000,67319703,131,Released,False,0,"[""Science Fiction"", ""Adventure"", ""Action""]","[""HK"", ""GB"", ""US""]",6,3,45,131
493529,Dungeons & Dragons: Honor Among Thieves,en,2023-03-23,11.4514,7.327,4525,151000000,208200000,134,Released,False,0,"[""Adventure"", ""Fantasy"", ""Comedy""]","[""CA"", ""US""]",2,1,24,173
1439112,Muzzle: City of Wolves,en,2025-11-13,11.4465,6.681,127,0,0,93,Released,False,1,"[""Action"", ""Thriller"", ""Mystery""]","[""US""]",8,2,24,320
102899,Ant-Man,en,2015-07-14,11.4446,7.1,20784,130000000,519311965,117,Released,False,1,"[""Science Fiction"", ""Adventure"", ""Action""]","[""US""]",1,1,28,381
1124566,Sentimental Value,no,2025-08-20,11.4329,7.497,844,7800000,22000000,133,Released,False,0,"[""Drama""]","[""TR"", ""NO"", ""FR"", ""DK"", ""SE"", ""DE"", ""GB""]",16,4,0,289
929590,Civil War,en,2024-04-10,11.3944,6.856,4269,50000000,126542249,109,Released,False,0,"[""War"", ""Action"", ""Drama""]","[""FI"", ""GB"", ""US""]",3,1,25,146
550988,Free Guy,en,2021-08-11,10.66,7.451,9724,110000000,331526598,115,Released,False,0,"[""Comedy"", ""Adventure"", ""Science Fiction""]","[""US""]",5,1,46,260
273477,Scouts Guide to the Zombie Apocalypse,en,2015-10-23,10.9852,6.571,2111,15000000,14900000,93,Released,False,0,"[""Comedy"", ""Horror""]","[""US""]",4,1,24,307
568124,Encanto,en,2021-10-13,11.2596,7.6,10151,150000000,261292688,102,Released,False,1,"[""Animation"", ""Comedy"", ""Family"", ""Fantasy""]","[""US""]",1,2,55,460
640146,Ant-Man and the Wasp: Quantumania,en,2023-02-15,10.3012,6.229,5769,200000000,476071180,125,Released,False,1,"[""Action"", ""Adventure"", ""Science Fiction""]","[""US""]",2,1,39,326
374720,Dunkirk,en,2017-07-19,11.2191,7.5,17488,150000000,549136737,107,Released,False,0,"[""War"", ""Action"", ""Drama""]","[""GB"", ""US""]",3,3,55,246
135397,Jurassic World,en,2015-06-06,10.4222,6.699,21487,150000000,1671537444,124,Released,False,1,"[""Action"", ""Adventure"", ""Science Fiction""]","[""US""]",3,1,17,175
851644,20th Century Girl,ko,2022-10-06,11.1079,8.145,805,119,0,119,Released,False,0,"[""Romance"", ""Drama""]","[""KR""]",2,1,23,153
381284,Hidden Figures,en,2016-12-10,11.2139,8.04,10360,25000000,235957472,127,Released,False,0,"[""Drama"", ""History""]","[""US""]",3,1,57,339
792307,Poor Things,en,2023-12-07,11.1259,7.648,5434,35000000,117607117,141,Released,False,0,"[""Science Fiction"", ""Romance"", ""Comedy""]","[""IE"", ""GB"", ""US""]",6,3,36,245
619979,Deep Water,en,2022-03-17,11.1218,5.821,1620,49000000,0,116,Released,False,0,"[""Drama"", ""Mystery"", ""Thriller""]","[""US""]",4,1,40,144
335988,Transformers: The Last Knight,en,2017-06-16,11.1128,6.0,6663,217000000,605425157,154,Released,False,1,"[""Action"", ""Adventure"", ""Science Fiction""]","[""US""]",5,1,33,308
140300,Kung Fu Panda 3,en,2016-01-23,11.089,6.9,6541,145000000,521170825,95,Released,False,1,"[""Animation"", ""Action"", ""Adventure"", ""Comedy"", ""Family""]","[""CN"", ""US""]",4,1,30,147
624860,The Matrix Resurrections,en,2021-12-16,11.0812,6.333,6415,190000000,156497322,148,Released,False,1,"[""Science Fiction"", ""Action"", ""Adventure""]","[""US""]",3,1,21,110
989662,A Different Man,en,2024-08-24,11.0711,6.9,428,0,1169365,112,Released,False,0,"[""Comedy"", ""Drama"", ""Thriller""]","[""US""]",3,2,0,155
1265063,After the Hunt,en,2025-10-09,11.0661,5.675,476,20000000,9426825,139,Released,False,0,"[""Drama""]","[""US"", ""IT""]",4,2,51,209
1245347,Twinless,en,2025-09-04,11.0537,7.264,123,2000000,1400477,100,Released,False,0,"[""Comedy"", ""Drama""]","[""US""]",3,1,47,185
697843,Extraction 2,en,2023-06-09,9.3556,7.381,2863,65000000,0,122,Released,False,1,"[""Action"", ""Thriller"", ""Crime""]","[""US""]",3,4,34,153
381288,Split,en,2017-01-19,10.2098,7.341,18257,9000000,278454358,117,Released,False,0,"[""Horror"", ""Thriller""]","[""US""]",2,1,71,413
748783,The Garfield Movie,en,2024-04-30,10.9534,6.994,1423,60000000,254907482,101,Released,False,1,"[""Family"", ""Comedy"", ""Adventure"", ""Animation""]","[""HK"", ""GB"", ""US""]",7,1,30,327
845781,Red One,en,2024-10-31,10.5218,6.987,3014,250000000,185700759,124,Released,False,0,"[""Action"", ""Comedy"", ""Fantasy""]","[""US""]",4,1,36,199
384018,Fast & Furious Presents: Hobbs & Shaw,en,2019-07-31,10.9422,6.832,7710,200000000,760098996,137,Released,False,0,"[""Action"", ""Adventure"", ""Comedy""]","[""US""]",3,3,32,282
1267319,Mantis,ko,2025-09-25,10.9383,6.331,160,0,0,113,Released,False,1,"[""Action"", ""Crime"", ""Thriller""]","[""KR""]",1,1,35,147
1242011,Together,en,2025-07-28,10.9253,6.952,1082,17000000,34747399,102,Released,False,0,"[""Horror"", ""Romance""]","[""AU"", ""US""]",6,1,8,325
484641,Anna,en,2019-06-19,10.9242,6.712,2966,34000000,31626978,119,Released,False,0,"[""Action"", ""Adventure"", ""Thriller""]","[""FR"", ""GP"", ""RU"", ""RS"", ""US""]",7,4,32,168
447332,A Quiet Place,en,2018-04-03,10.9186,7.4,15255,17000000,340955294,91,Released,False,1,"[""Horror"", ""Drama"", ""Science Fiction""]","[""US""]",3,1,32,85
1252037,The Tank,de,2025-09-18,9.5126,7.055,408,0,0,117,Released,False,0,"[""War"", ""Action"", ""Drama""]","[""DE""]",1,2,0,405
530915,1917,en,2019-12-25,10.8782,7.987,13456,100000000,446064352,119,Released,False,0,"[""War"", ""History"", ""Drama""]","[""US"", ""GB"", ""ES"", ""IN""]",5,3,18,169
399566,Godzilla vs. Kong,en,2021-03-24,10.873,7.537,10571,200000000,470116094,114,Released,False,1,"[""Action"", ""Science Fiction"", ""Adventure""]","[""US""]",1,1,14,229
281957,The Revenant,en,2015-12-25,10.8706,7.54,19223,135000000,532950503,157,Released,False,0,"[""Western"", ""Drama"", ""Adventure""]","[""CA"", ""HK"", ""TW"", ""US""]",9,2,23,131
324544,In the Lost Lands,en,2025-02-27,8.5908,6.349,788,55000000,4755330,101,Released,False,0,"[""Action"", ""Fantasy"", ""Western""]","[""DE"", ""CH""]",2,3,39,220
615173,The Witch Part 2 - The Other One,ko,2022-06-15,9.8816,7.377,435,0,23068596,137,Released,False,1,"[""Action"", ""Mystery"", ""Thriller"", ""Science Fiction""]","[""KR""]",6,5,28,236
438695,Sing 2,en,2021-12-01,9.3295,7.832,4738,85000000,408402685,110,Released,False,1,"[""Animation"", ""Music"", ""Comedy"", ""Family""]","[""US""]",1,1,32,475
593643,The Menu,en,2022-11-17,10.7431,7.172,6102,35000000,79628200,107,Released,False,0,"[""Comedy"", ""Horror""]","[""US""]",4,2,45,148
978592,Sleeping Dogs,en,2024-03-21,7.3137,7.006,599,0,0,112,Released,False,0,"[""Mystery"", ""Thriller"", ""Crime"", ""Drama""]","[""US"", ""AU""]",8,1,20,432
13494,Red Sonja,en,2025-07-31,10.7241,5.71,221,0,271461,111,Released,False,0,"[""Adventure"", ""Action"", ""Fantasy"", ""Drama""]","[""US"", ""BG""]",4,1,40,125
1029575,The Family Plan,en,2023-12-14,10.7126,7.221,1855,0,0,118,Released,False,1,"[""Action"", ""Comedy"", ""Family""]","[""US""]",2,1,29,240
629542,The Bad Guys,en,2022-03-17,10.6786,7.527,2522,80000000,250162278,100,Released,False,1,"[""Action"", ""Animation"", ""Comedy"", ""Crime"", ""Family""]","[""US""]",1,1,22,185
566525,Shang-Chi and the Legend of the Ten Rings,en,2021-09-01,10.6765,7.494,10306,150000000,432243292,132,Released,False,0,"[""Action"", ""Adventure"", ""Fantasy""]","[""US""]",1,2,30,130
1208348,Rental Family,en,2025-11-20,10.6426,7.737,731,0,26585129,110,Released,False,0,"[""Drama"", ""Comedy""]","[""US""]",2,2,26,300
936108,Smurfs,en,2025-06-30,9.6824,5.814,258,58000000,124157356,89,Released,False,0,"[""Animation"", ""Family"", ""Fantasy""]","[""US"", ""BE""]",7,3,32,253
1050035,Monster,ja,2023-06-02,10.633,7.9,864,0,0,125,Released,False,0,"[""Mystery"", ""Thriller"", ""Drama""]","[""JP""]",5,1,67,147
339403,Baby Driver,en,2017-06-28,10.0702,7.442,16754,34000000,226945087,113,Released,False,0,"[""Action"", ""Crime""]","[""GB"", ""US""]",3,1,33,126
1326106,Kaiju No. 8: Mission Recon,ja,2025-03-28,10.6085,7.944,89,0,0,110,Released,False,0,"[""Animation"", ""Action"", ""Science Fiction""]","[""JP""]",3,1,0,395
870028,The Accountant²,en,2025-04-23,10.5579,7.064,1712,80000000,103223366,133,Released,False,1,"[""Mystery"", ""Crime"", ""Thriller""]","[""US""]",4,3,20,369
404368,Ralph Breaks the Internet,en,2018-11-20,10.5513,7.159,8057,175000000,529323962,112,Released,False,1,"[""Animation"", ""Family"", ""Adventure"", ""Science Fiction"", ""Comedy"", ""Action""]","[""US""]",1,1,0,440
241259,Alice Through the Looking Glass,en,2016-05-25,9.8162,6.562,6753,170000000,299457024,113,Released,False,1,"[""Adventure"", ""Family"", ""Fantasy""]","[""GB"", ""US""]",5,1,31,89
512200,Jumanji: The Next Level,en,2019-12-04,10.5355,6.875,9302,125000000,801693929,123,Released,False,1,"[""Adventure"", ""Comedy"", ""Fantasy""]","[""US""]",4,1,34,215
330459,Rogue One: A Star Wars Story,en,2016-12-14,9.2308,7.5,16312,200000000,1056057273,133,Released,False,0,"[""Action"", ""Adventure"", ""Science Fiction""]","[""US""]",1,1,56,121
299054,Expend4bles,en,2023-09-15,10.7781,6.071,1860,100000000,37917985,103,Released,False,1,"[""Action"", ""Adventure"", ""Thriller""]","[""BG"", ""FR"", ""US"", ""GR""]",7,6,30,304
1151031,Bring Her Back,en,2025-05-28,10.4266,7.342,1588,15000000,39410222,104,Released,False,0,"[""Horror""]","[""AU"", ""US""]",5,1,27,150
1325678,Sarah's Oil,en,2025-11-06,10.4195,8.1,64,18000000,11675627,103,Released,False,0,"[""Drama""]","[""US""]",3,1,46,394
262500,Insurgent,en,2015-03-18,10.4183,6.4,10396,110000000,297002527,119,Released,False,1,"[""Action"", ""Science Fiction"", ""Thriller""]","[""US""]",3,1,13,139
370172,No Time to Die,en,2021-09-29,10.0369,7.339,7047,250000000,774153024,163,Released,False,1,"[""Action"", ""Thriller"", ""Adventure""]","[""GB"", ""US""]",2,5,43,354
1064307,Spermageddon,no,2024-12-28,10.4039,6.4,126,3000000,1333332,80,Released,False,0,"[""Animation"", ""Adventure"", ""Fantasy"", ""Comedy""]","[""NO""]",2,2,0,227
725201,The Gray Man,en,2022-07-13,10.4006,6.901,4184,200000000,454023,128,Released,False,0,"[""Action"", ""Thriller""]","[""US""]",2,5,0,151
336843,Maze Runner: The Death Cure,en,2018-01-10,10.3928,7.082,8355,62000000,288418190,143,Released,False,1,"[""Science Fiction"", ""Action"", ""Adventure"", ""Thriller""]","[""US""]",5,1,21,367
1259102,Eternity,en,2025-11-26,10.3793,6.994,612,12000000,32867848,114,Released,False,0,"[""Romance"", ""Comedy"", ""Drama""]","[""US""]",2,1,24,234
1299655,Blue Moon,en,2025-10-17,10.364,6.651,258,0,3479085,100,Released,False,0,"[""Music"", ""History"", ""Drama"", ""Comedy""]","[""IE"", ""US""]",8,3,23,241
447277,The Little Mermaid,en,2023-05-18,10.348,6.275,3286,297000000,569626289,135,Released,False,0,"[""Adventure"", ""Family"", ""Fantasy"", ""Romance""]","[""US""]",3,1,59,415
447404,Pokémon Detective Pikachu,en,2019-05-03,8.6767,6.906,7315,150000000,449762638,105,Released,False,0,"[""Action"", ""Adventure"", ""Fantasy""]","[""JP"", ""US""]",3,1,11,147
639720,IF,en,2024-05-08,10.3319,6.963,1585,110000000,190309707,104,Released,False,0,"[""Comedy"", ""Fantasy"", ""Family""]","[""US""]",3,2,35,155
400535,Sicario: Day of the Soldado,en,2018-06-27,10.3208,6.94,4001,35000000,75836683,122,Released,False,1,"[""Action"", ""Crime"", ""Thriller""]","[""MX"", ""US""]",5,2,52,150
260513,Incredibles 2,en,2018-06-14,10.3102,7.45,13621,200000000,1243225667,118,Released,False,1,"[""Action"", ""Adventure"", ""Animation"", ""Family""]","[""US""]",1,1,29,154
351286,Jurassic World: Fallen Kingdom,en,2018-06-06,10.2896,6.5,12693,170000000,1310469037,129,Released,False,1,"[""Adventure"", ""Science Fiction"", ""Thriller""]","[""US""]",2,2,17,238
756999,The Black Phone,en,2022-06-16,10.2892,7.528,5778,16000000,161441914,103,Released,False,1,"[""Horror"", ""Thriller""]","[""US""]",3,3,24,374
335787,Uncharted,en,2022-02-10,9.082,6.866,6725,120000000,407141258,116,Released,False,1,"[""Action"", ""Adventure""]","[""US""]",4,2,24,227
294254,Maze Runner: The Scorch Trials,en,2015-09-09,9.4907,6.7,10970,61000000,312296056,131,Released,False,1,"[""Science Fiction"", ""Action"", ""Thriller"", ""Adventure""]","[""US""]",4,1,32,375
466420,Killers of the Flower Moon,en,2023-10-18,10.1609,7.398,4078,200000000,158722599,206,Released,False,0,"[""Crime"", ""History"", ""Drama""]","[""US""]",4,3,40,153
273248,The Hateful Eight,en,2015-12-25,9.7675,7.756,15199,44000000,155760117,188,Released,False,0,"[""Drama"", ""Mystery"", ""Western""]","[""US""]",3,2,48,105
1422096,Good Boy,en,2025-10-01,10.203,6.7,583,70000,8844724,73,Released,False,0,"[""Horror""]","[""US""]",1,1,20,228
568160,Weathering with You,ja,2019-07-19,10.1702,7.98,2606,11100000,192729404,112,Released,False,0,"[""Animation"", ""Drama"", ""Fantasy"", ""Romance""]","[""JP""]",7,1,64,548
292431,Love,fr,2015-07-15,10.7928,6.447,2648,3000000,249083,134,Released,False,0,"[""Drama"", ""Romance""]","[""BE"", ""FR"", ""BR""]",5,1,0,246
282035,The Mummy,en,2017-06-06,10.1558,5.517,7604,125000000,409231607,110,Released,False,0,"[""Fantasy"", ""Thriller"", ""Action"", ""Adventure"", ""Horror""]","[""US""]",4,2,44,256
1611398,Un hombre por semana,es,2026-01-08,8.5677,7.396,53,0,0,97,Released,False,0,"[""Comedy"", ""Romance"", ""Drama""]","[""MX""]",2,1,0,163
423204,Angel Has Fallen,en,2019-08-21,8.6457,6.596,3850,40000000,146661977,122,Released,False,1,"[""Action"", ""Thriller""]","[""US""]",4,1,21,224
398818,Call Me by Your Name,en,2017-10-01,10.118,8.1,12700,3500000,43143046,132,Released,False,0,"[""Romance"", ""Drama""]","[""BR"", ""FR"", ""IT"", ""US""]",6,3,29,271
1491902,Bang,th,2025-07-11,10.1038,6.6,75,0,0,88,Released,False,0,"[""Action"", ""Thriller""]","[""TH""]",2,2,28,172
976893,Perfect Days,ja,2023-11-10,10.0753,7.791,1874,14000000,24094016,124,Released,False,0,"[""Drama""]","[""DE"", ""JP""]",2,2,59,246
453405,Gemini Man,en,2019-10-02,10.0707,6.265,5425,140000000,173469516,117,Released,False,0,"[""Science Fiction"", ""Action"", ""Adventure"", ""Thriller"", ""Drama""]","[""US"", ""CN""]",5,1,32,354
968051,The Nun II,en,2023-09-06,10.0663,6.645,2442,38500000,269670590,110,Released,False,1,"[""Horror""]","[""US""]",3,5,18,143
976912,Graphic Desires,en,2023-08-31,10.5791,6.9,50,0,0,90,Released,False,0,"[""Thriller"", ""Crime""]","[""GB""]",4,1,45,138
1328803,Prisoner of War,en,2025-09-19,10.0636,7.087,173,2000000,94700000,113,Released,False,0,"[""Action"", ""War"", ""Thriller"", ""History""]","[""PH"", ""US""]",4,7,17,282
1429520,Sidelined 2: Intercepted,en,2025-11-27,10.0423,6.994,79,0,0,100,Released,False,1,"[""Romance"", ""Comedy""]","[""US"", ""CA""]",4,1,41,377
524434,Eternals,en,2021-11-03,10.0419,6.773,9073,200000000,402064899,156,Released,False,0,"[""Science Fiction"", ""Action"", ""Adventure""]","[""US""]",1,5,19,243
316029,The Greatest Showman,en,2017-12-20,10.5653,7.861,10007,84000000,459066134,105,Released,False,0,"[""Drama""]","[""US""]",3,1,26,140
1220564,The Secret Agent,pt,2025-07-23,8.6662,7.305,621,5000000,18988224,161,Released,False,0,"[""Crime"", ""Drama"", ""Thriller""]","[""BR"", ""FR"", ""DE"", ""NL"", ""AR""]",9,3,38,216
439079,The Nun,en,2018-09-05,10.002,5.903,7137,22000000,366082797,96,Released,False,1,"[""Horror""]","[""US""]",3,5,21,151
335797,Sing,en,2016-11-23,10.001,7.122,8396,75000000,634151679,108,Released,False,1,"[""Animation"", ""Music"", ""Comedy"", ""Family""]","[""US""]",1,1,16,124
507089,Five Nights at Freddy's,en,2023-10-25,9.75,7.3,4974,20000000,297242145,110,Released,False,1,"[""Horror"", ""Thriller""]","[""US""]",2,1,28,248
401981,Red Sparrow,en,2018-02-15,7.6,6.533,6334,69000000,151572634,140,Released,False,0,"[""Thriller"", ""Mystery""]","[""US""]",3,1,24,491
1280282,Gabby's Dollhouse: The Movie,en,2025-09-13,9.9875,6.8,67,32000000,80322142,98,Released,False,0,"[""Family"", ""Comedy"", ""Adventure"", ""Animation""]","[""US""]",1,2,14,343
397243,The Autopsy of Jane Doe,en,2016-12-21,9.9825,6.835,4682,4000000,6170043,86,Released,False,0,"[""Horror"", ""Mystery""]","[""GB"", ""US""]",3,1,24,226
1033148,Die My Love,en,2025-10-06,9.6354,6.2,486,0,11745933,119,Released,False,0,"[""Drama""]","[""US""]",3,1,0,493
307081,Southpaw,en,2015-07-22,9.9677,7.363,5780,30000000,91709827,123,Released,False,0,"[""Action"", ""Drama""]","[""US"", ""CN""]",5,1,16,455
1079091,It Ends with Us,en,2024-08-07,9.9365,6.942,1898,55000000,351441044,131,Released,False,0,"[""Drama"", ""Romance""]","[""US""]",3,1,46,229
762975,Purple Hearts,en,2022-07-29,9.9209,8.044,2852,0,0,122,Released,False,0,"[""Romance"", ""Drama""]","[""GB"", ""US""]",3,1,0,149
1111873,Abigail,en,2024-04-16,9.905,6.673,2033,28000000,43015969,109,Released,False,0,"[""Horror"", ""Thriller""]","[""US""]",4,1,30,356
345887,The Equalizer 2,en,2018-07-19,9.9002,6.783,5924,62000000,190400157,121,Released,False,1,"[""Action"", ""Thriller"", ""Crime""]","[""US""]",7,6,18,178
882598,Smile,en,2022-09-23,8.7896,6.664,4005,17000000,217408513,115,Released,False,1,"[""Horror"", ""Mystery""]","[""US""]",3,1,31,151
312221,Creed,en,2015-11-25,9.8924,7.403,7913,37000000,173600000,133,Released,False,1,"[""Drama""]","[""US""]",3,2,32,158
1131759,Omniscient Reader: The Prophecy,ko,2025-07-23,9.879,6.9,84,0,9187679,120,Released,False,0,"[""Action"", ""Adventure"", ""Fantasy""]","[""KR""]",4,1,44,398
1008953,Incoming,en,2024-08-22,9.8641,6.241,351,0,0,92,Released,False,0,"[""Comedy""]","[""US""]",3,1,25,149
131634,The Hunger Games: Mockingjay - Part 2,en,2015-11-18,9.826,6.9,13280,160000000,653428261,137,Released,False,1,"[""Action"", ""Adventure"", ""Science Fiction""]","[""DE"", ""US""]",3,1,27,362
333484,The Magnificent Seven,en,2016-09-14,9.8239,6.484,6360,90000000,162400000,132,Released,False,0,"[""Adventure"", ""Action"", ""Western""]","[""US""]",6,2,21,472
1575337,Cosmic Princess Kaguya!,ja,2026-01-22,9.8138,8.407,70,0,0,141,Released,False,0,"[""Animation"", ""Fantasy"", ""Music"", ""Science Fiction""]","[""JP""]",3,1,24,153
158852,Tomorrowland,en,2015-05-19,8.1632,6.29,7328,190000000,209200000,130,Released,False,0,"[""Adventure"", ""Family"", ""Mystery"", ""Science Fiction""]","[""US""]",2,1,44,310
259316,Fantastic Beasts and Where to Find Them,en,2016-11-16,9.7988,7.307,19634,180000000,809342332,133,Released,False,1,"[""Fantasy"", ""Adventure""]","[""GB"", ""US""]",2,1,36,376
937287,Challengers,en,2024-04-18,9.2125,6.9,2641,55000000,94182533,132,Released,False,0,"[""Drama"", ""Romance""]","[""IT"", ""US""]",4,2,20,356
1232546,Until Dawn,en,2025-04-23,9.7864,6.295,1370,15000000,54105064,103,Released,False,0,"[""Horror"", ""Mystery""]","[""US""]",6,1,34,356
353486,Jumanji: Welcome to the Jungle,en,2017-12-09,9.7597,6.817,14414,90000000,995339117,119,Released,False,1,"[""Adventure"", ""Comedy"", ""Fantasy"", ""Action""]","[""US""]",3,1,21,340
749170,Heads of State,en,2025-06-24,9.0163,6.817,1015,100,0,117,Released,False,0,"[""Action"", ""Thriller"", ""Comedy""]","[""US"", ""GB""]",4,2,30,342
1376434,Predator: Killer of Killers,en,2025-06-05,9.5513,7.794,1159,0,0,85,Released,False,0,"[""Animation"", ""Action"", ""Science Fiction"", ""Thriller""]","[""US""]",4,4,16,221
752623,The Lost City,en,2022-03-23,7.4764,6.46,3957,74000000,192907684,112,Released,False,0,"[""Action"", ""Adventure"", ""Comedy""]","[""US""]",3,5,42,453
270303,It Follows,en,2015-02-04,9.6843,6.584,6872,2300000,23374076,101,Released,False,1,"[""Horror"", ""Mystery""]","[""US""]",3,1,54,84
1291335,Solo Mio,en,2026-02-05,9.258,7.1,121,4000000,26185888,96,Released,False,0,"[""Romance"", ""Comedy""]","[""US""]",5,1,39,261
423108,The Conjuring: The Devil Made Me Do It,en,2021-05-25,9.6738,7.357,6488,39000000,206444123,111,Released,False,1,"[""Horror"", ""Mystery"", ""Thriller""]","[""US""]",3,2,38,323
76757,Jupiter Ascending,en,2015-02-04,9.6695,5.46,7070,176000000,184000000,127,Released,False,0,"[""Science Fiction"", ""Fantasy"", ""Action""]","[""US"", ""AU"", ""GB"", ""ES""]",4,2,21,194
1244492,Look Back,ja,2024-06-28,9.6644,8.0,525,0,12648664,58,Released,False,0,"[""Animation"", ""Drama""]","[""JP""]",3,1,54,334
293167,Kong: Skull Island,en,2017-03-08,11.6124,6.552,11084,185000000,566652812,118,Released,False,1,"[""Action"", ""Adventure"", ""Fantasy""]","[""CN"", ""US""]",2,2,18,145
331482,Little Women,en,2019-12-25,9.6499,7.9,6789,40000000,332103783,135,Released,False,0,"[""Drama"", ""Romance""]","[""US""]",3,2,15,70
668489,Havoc,en,2025-04-25,9.6358,6.4,1201,90000000,0,107,Released,False,0,"[""Action"", ""Crime"", ""Thriller"", ""Drama""]","[""GB"", ""US""]",3,1,22,150
339846,Baywatch,en,2017-05-25,8.9298,6.084,8470,69000000,177900000,116,Released,False,0,"[""Comedy"", ""Action"", ""Crime""]","[""US""]",7,1,30,154
335977,Indiana Jones and the Dial of Destiny,en,2023-06-25,9.4077,6.512,4103,294700000,383963057,155,Released,False,1,"[""Adventure"", ""Action""]","[""US""]",1,5,31,349
300671,13 Hours: The Secret Soldiers of Benghazi,en,2016-01-14,9.5928,7.27,3917,50000000,69411370,144,Released,False,0,"[""War"", ""Action"", ""History"", ""Drama"", ""Thriller""]","[""US""]",3,2,73,138
376659,Bad Moms,en,2016-07-28,6.3892,6.487,4249,20000000,183936074,100,Released,False,1,"[""Comedy""]","[""US"", ""CN""]",4,2,20,197
718821,Twisters,en,2024-07-10,9.547,6.777,2929,155000000,372262265,123,Released,False,1,"[""Action"", ""Thriller""]","[""US""]",4,1,21,349
1051896,Arcadian,en,2024-04-12,9.5299,6.033,840,0,1235594,92,Released,False,0,"[""Action"", ""Horror"", ""Thriller""]","[""IE"", ""US""]",5,1,29,250
300668,Annihilation,en,2018-02-22,9.5076,6.44,9303,40000000,43070915,115,Released,False,0,"[""Science Fiction"", ""Horror""]","[""GB"", ""US""]",4,1,19,116
639933,The Northman,en,2022-04-07,9.5069,7.032,4988,70000000,69633110,137,Released,False,0,"[""Action"", ""Adventure"", ""Fantasy""]","[""US""]",4,2,18,247
460458,Resident Evil: Welcome to Raccoon City,en,2021-11-24,9.4913,5.936,2670,25000000,41914915,107,Released,False,0,"[""Action"", ""Horror"", ""Science Fiction""]","[""DE"", ""US"", ""CA""]",3,1,30,385
545609,Extraction,en,2020-04-23,9.4868,7.292,6567,65000000,0,116,Released,False,1,"[""Action"", ""Thriller""]","[""US""]",3,3,40,151
889737,Joker: Folie à Deux,en,2024-10-01,9.4859,5.401,2883,190000000,207500287,138,Released,False,1,"[""Drama"", ""Crime"", ""Thriller""]","[""US""]",3,1,21,143
376867,Moonlight,en,2016-10-21,8.0245,7.357,7495,4000000,65046687,111,Released,False,0,"[""Drama""]","[""US""]",3,1,31,230
1284496,Cycle of Time,fr,2025-10-08,9.4725,6.065,84,0,0,103,Released,False,0,"[""Comedy"", ""Science Fiction""]","[""FR""]",3,1,26,238
206647,Spectre,en,2015-10-26,9.4649,6.569,11190,245000000,880707597,148,Released,False,1,"[""Action"", ""Adventure"", ""Thriller""]","[""GB"", ""US""]",5,5,19,240
449443,Den of Thieves,en,2018-01-18,9.4524,6.863,3371,30000000,80509622,140,Released,False,1,"[""Crime"", ""Thriller"", ""Action""]","[""US""]",6,1,42,221
302946,The Accountant,en,2016-10-13,9.4487,7.133,7296,44000000,155160045,128,Released,False,1,"[""Crime"", ""Thriller"", ""Drama""]","[""US""]",4,1,23,139
581726,Infinite,en,2021-09-09,8.4594,6.563,2115,0,0,106,Released,False,0,"[""Science Fiction"", ""Action"", ""Adventure""]","[""US""]",5,8,32,247
381283,mother!,en,2017-09-13,8.2233,6.961,7063,30000000,44516999,121,Released,False,0,"[""Horror"", ""Drama""]","[""US""]",2,1,20,114
258489,The Legend of Tarzan,en,2016-06-29,9.1331,5.915,6486,180000000,356743061,109,Released,False,0,"[""Fantasy"", ""Action"", ""Adventure""]","[""CA"", ""GB"", ""US""]",7,1,14,146
1136867,Materialists,en,2025-06-12,9.3642,6.318,1242,20000000,107949056,116,Released,False,0,"[""Romance"", ""Drama""]","[""US"", ""FI""]",5,1,27,110
290250,The Nice Guys,en,2016-05-15,7.9472,7.128,8583,50000000,71261763,116,Released,False,0,"[""Comedy"", ""Crime"", ""Action""]","[""US""]",2,1,22,117
529203,The Croods: A New Age,en,2020-11-25,9.3413,7.444,4116,65000000,215905815,95,Released,False,1,"[""Animation"", ""Family"", ""Adventure"", ""Fantasy"", ""Comedy""]","[""US""]",1,1,36,487
1241983,Train Dreams,en,2025-11-05,7.6985,7.3,951,10000000,0,102,Released,False,0,"[""Drama""]","[""US""]",2,2,44,134
254128,San Andreas,en,2015-05-27,8.348,6.243,8974,110000000,473990832,114,Released,False,0,"[""Action"", ""Drama"", ""Thriller""]","[""CA"", ""US"", ""AU""]",4,1,35,164
986097,HIM,en,2025-09-18,9.2956,5.7,354,27000000,27834512,96,Released,False,0,"[""Horror"", ""Mystery""]","[""US"", ""JP""]",2,1,28,381
980489,Gran Turismo,en,2023-08-09,9.2824,7.704,3343,60000000,121700000,135,Released,False,0,"[""Adventure"", ""Drama"", ""Action""]","[""US""]",3,1,20,176
499191,Call Boy,ja,2018-04-06,9.8316,6.4,54,0,0,119,Released,False,0,"[""Drama""]","[""JP""]",4,1,0,468
1226578,Longlegs,en,2024-07-10,9.279,6.531,2597,10000000,127961936,101,Released,False,1,"[""Crime"", ""Horror"", ""Mystery""]","[""CA"", ""US""]",5,1,17,328
38700,Bad Boys for Life,en,2020-01-15,8.7984,7.116,8705,90000000,426505244,124,Released,False,1,"[""Thriller"", ""Action"", ""Crime""]","[""US""]",4,2,28,248
856289,Creation of the Gods I: Kingdom of Storms,zh,2023-07-15,9.2614,7.1,475,85000000,369081777,148,Released,False,1,"[""Action"", ""Fantasy"", ""War""]","[""CN""]",5,1,0,266
585083,Hotel Transylvania: Transformania,en,2022-01-31,9.247,7.035,3000,75000000,18500000,92,Released,False,1,"[""Animation"", ""Comedy"", ""Family"", ""Adventure"", ""Fantasy""]","[""US""]",4,1,20,334
402900,Ocean's Eight,en,2018-06-07,9.2291,6.959,8749,70000000,297718711,111,Released,False,0,"[""Crime"", ""Comedy"", ""Action""]","[""US""]",4,2,22,137
508943,Luca,en,2021-06-17,9.1572,7.783,8911,200000000,51074773,95,Released,False,0,"[""Animation"", ""Family"", ""Fantasy"", ""Comedy"", ""Drama""]","[""US""]",1,2,34,219
474350,It Chapter Two,en,2019-09-04,9.2078,6.837,9555,79000000,473123154,169,Released,False,1,"[""Horror"", ""Thriller"", ""Drama""]","[""US""]",4,1,8,211
936245,Hidden Face,ko,2024-11-20,9.1821,5.1,65,0,0,113,Released,False,0,"[""Mystery"", ""Thriller""]","[""KR""]",1,1,32,408
400928,Gifted,en,2017-04-07,9.1799,7.996,5909,7000000,40300000,101,Released,False,0,"[""Drama"", ""Comedy""]","[""GB"", ""US""]",3,1,61,105
776503,CODA,en,2021-08-13,9.1672,7.891,2560,10000000,1905058,112,Released,False,0,"[""Drama"", ""Music"", ""Romance""]","[""FR"", ""US""]",3,2,34,234
513434,One Cut of the Dead,ja,2017-11-04,8.6218,7.628,966,52406,27590180,96,Released,False,1,"[""Comedy"", ""Horror"", ""Drama""]","[""JP""]",2,1,20,152
516729,Paddington in Peru,en,2024-11-08,9.1204,6.817,671,90000000,171458837,106,Released,False,1,"[""Family"", ""Comedy"", ""Adventure""]","[""GB"", ""JP""]",3,2,30,287
298250,Jigsaw,en,2017-10-25,7.7763,6.214,3937,10000000,104223315,91,Released,False,1,"[""Horror"", ""Mystery""]","[""US""]",4,1,19,138
318846,The Big Short,en,2015-12-11,9.1011,7.364,9787,28000000,133346506,131,Released,False,0,"[""Comedy"", ""Drama""]","[""US""]",3,1,21,58
177677,Mission: Impossible - Rogue Nation,en,2015-07-28,9.0978,7.222,9659,150000000,682716636,131,Released,False,1,"[""Action"", ""Adventure""]","[""US""]",4,3,36,173
695721,The Hunger Games: The Ballad of Songbirds & Snakes,en,2023-11-15,9.0925,6.986,3466,100000000,337371917,157,Released,False,0,"[""Science Fiction"", ""Action""]","[""DE"", ""US""]",4,1,31,186
159824,Hotel Transylvania 2,en,2015-09-21,9.0881,6.763,6101,80000000,473200000,89,Released,False,1,"[""Animation"", ""Comedy"", ""Family"", ""Fantasy""]","[""US""]",3,1,38,191
287947,Shazam!,en,2019-03-29,9.0827,6.978,10154,80000000,367799011,132,Released,False,1,"[""Action"", ""Comedy"", ""Fantasy""]","[""US""]",4,1,18,98
1072699,Inside Furioza,pl,2025-10-14,9.0619,6.522,93,0,0,166,Released,False,1,"[""Action"", ""Crime"", ""Thriller""]","[""PL""]",1,4,0,150
1290879,The Woman in Cabin 10,en,2025-10-09,9.059,6.195,971,0,0,95,Released,False,0,"[""Mystery"", ""Thriller"", ""Crime""]","[""GB""]",1,2,44,151
838209,Exhuma,ko,2024-02-22,9.0345,7.501,663,0,97974828,134,Released,False,0,"[""Mystery"", ""Horror"", ""Thriller""]","[""KR""]",3,3,20,238
777443,The Electric State,en,2025-03-07,9.0289,6.485,1620,320000000,0,125,Released,False,0,"[""Science Fiction"", ""Adventure"", ""Action""]","[""US""]",2,1,23,143
1120911,Saturday Night,en,2024-09-27,9.0266,6.693,352,25000000,10055029,109,Released,False,0,"[""Comedy"", ""Drama""]","[""US""]",3,1,31,238
1637319,Hannah Montana 20th Anniversary Special,en,2026-03-23,9.0116,7.153,75,0,0,59,Released,False,0,"[""Documentary"", ""Music""]","[""US""]",2,1,23,387
609681,The Marvels,en,2023-11-08,9.009,5.939,3325,274800000,206136825,105,Released,False,1,"[""Science Fiction"", ""Adventure"", ""Action""]","[""US""]",2,2,34,348
315837,Ghost in the Shell,en,2017-03-29,8.9873,6.106,8526,110000000,169801921,107,Released,False,0,"[""Science Fiction"", ""Drama"", ""Action""]","[""CN"", ""HK"", ""IN"", ""US""]",10,2,53,190
157827,Louder Than Bombs,en,2015-10-01,8.9873,6.472,374,11000000,1400000,105,Released,False,0,"[""Drama""]","[""NO"", ""US"", ""FR"", ""DK""]",8,2,18,378
450465,Glass,en,2019-01-16,8.9829,6.665,9039,20000000,246999039,129,Released,False,0,"[""Thriller"", ""Drama"", ""Science Fiction""]","[""US""]",3,2,32,298
274857,King Arthur: Legend of the Sword,en,2017-05-10,9.6181,6.553,6024,175000000,149175066,126,Released,False,0,"[""Action"", ""Drama"", ""Fantasy""]","[""US""]",5,1,25,372
893723,PAW Patrol: The Mighty Movie,en,2023-09-21,8.9688,7.0,539,30000000,202231360,88,Released,False,1,"[""Adventure"", ""Animation"", ""Comedy"", ""Family"", ""Science Fiction""]","[""CA"", ""FR"", ""US""]",5,1,20,129
274855,Geostorm,en,2017-10-12,8.9485,6.111,5135,120000000,221600160,109,Released,False,0,"[""Action"", ""Science Fiction"", ""Thriller""]","[""HK"", ""US""]",6,1,46,436
280092,Insidious: Chapter 3,en,2015-05-28,8.9422,6.282,3588,10000000,120453155,97,Released,False,1,"[""Horror"", ""Thriller""]","[""CA"", ""US""]",2,1,20,141
1426776,STRAW,en,2025-06-05,8.214,7.709,940,0,0,105,Released,False,0,"[""Thriller"", ""Drama"", ""Crime""]","[""US""]",1,1,17,151
424783,Bumblebee,en,2018-11-22,8.9279,6.718,6584,135000000,467989645,114,Released,False,0,"[""Action"", ""Adventure"", ""Science Fiction""]","[""CN"", ""US""]",6,1,27,307
459151,The Boss Baby: Family Business,en,2021-07-01,8.9085,7.333,2678,82000000,146745280,107,Released,False,1,"[""Animation"", ""Comedy"", ""Adventure"", ""Family""]","[""US""]",1,1,17,262
774825,The Ice Age Adventures of Buck Wild,en,2022-01-28,7.9539,6.561,1811,0,0,82,Released,False,1,"[""Animation"", ""Comedy"", ""Family"", ""Adventure""]","[""CA"", ""US""]",2,1,18,163
445571,Game Night,en,2018-02-15,8.903,6.845,6252,37000000,117501013,100,Released,False,0,"[""Mystery"", ""Comedy"", ""Crime""]","[""US""]",5,1,19,498
153518,The Angry Birds Movie,en,2016-05-11,8.898,6.256,3956,73000000,349779543,97,Released,False,1,"[""Animation"", ""Adventure"", ""Comedy"", ""Family""]","[""FI"", ""US""]",3,1,39,326
1155281,Creation of the Gods II: Demon Force,zh,2025-01-29,8.8899,6.3,131,120000000,172619925,145,Released,False,1,"[""Action"", ""Fantasy"", ""War""]","[""CN""]",6,1,0,233
1035048,Elevation,en,2024-11-07,8.8848,6.412,948,18000000,3300000,91,Released,False,0,"[""Action"", ""Science Fiction"", ""Thriller""]","[""US""]",4,2,30,241
49046,All Quiet on the Western Front,de,2022-10-07,8.8848,7.717,4622,20000000,0,147,Released,False,0,"[""War"", ""Drama""]","[""DE""]",2,3,0,315
283366,Miss Peregrine's Home for Peculiar Children,en,2016-09-28,8.8703,6.838,10446,110000000,296482446,127,Released,False,0,"[""Fantasy"", ""Adventure"", ""Drama"", ""Family"", ""Thriller""]","[""US"", ""GB"", ""BE"", ""CA""]",4,1,14,157
68735,Warcraft,en,2016-05-25,8.8661,6.398,7219,160000000,433677183,123,Released,False,0,"[""Action"", ""Adventure"", ""Fantasy""]","[""US""]",3,1,21,409
487558,BlacKkKlansman,en,2018-08-09,8.8271,7.491,8063,15000000,93411426,136,Released,False,0,"[""Crime"", ""Comedy"", ""Drama"", ""History""]","[""US""]",6,1,16,183
338953,Fantastic Beasts: The Secrets of Dumbledore,en,2022-04-06,9.6996,6.627,5057,200000000,407200000,142,Released,False,1,"[""Fantasy"", ""Adventure""]","[""GB"", ""US""]",2,1,20,358
1116201,Iron Lung,en,2026-01-29,8.8107,7.312,133,3000000,51226173,125,Released,False,0,"[""Horror"", ""Mystery"", ""Science Fiction""]","[""US""]",1,1,45,650
868759,Ghosted,en,2023-04-18,8.8098,6.878,2162,40000000,0,117,Released,False,0,"[""Action"", ""Comedy"", ""Romance""]","[""US""]",1,1,53,249
338803,The Treacherous,ko,2015-05-21,10.3715,6.1,89,0,6906250,133,Released,False,0,"[""Drama"", ""History"", ""Crime""]","[""KR""]",2,1,66,200
310131,The Witch,en,2016-02-19,8.7385,7.0,7597,4000000,40423945,92,Released,False,0,"[""Horror""]","[""BR"", ""CA"", ""GB"", ""US""]",9,1,22,240
1042834,Eden,en,2025-04-03,7.8421,6.685,627,50000000,1907486,129,Released,False,0,"[""Thriller"", ""Drama""]","[""US""]",3,1,47,269
520763,A Quiet Place Part II,en,2021-05-21,8.7261,7.434,7320,55000000,297372261,96,Released,False,1,"[""Science Fiction"", ""Thriller"", ""Horror""]","[""US""]",3,1,22,234
278154,Ice Age: Collision Course,en,2016-06-23,7.8856,6.113,4853,105000000,408579038,95,Released,False,1,"[""Adventure"", ""Animation"", ""Family"", ""Comedy"", ""Science Fiction""]","[""US""]",3,1,30,445
427641,Rampage,en,2018-04-11,8.709,6.447,7468,120000000,428028233,107,Released,False,0,"[""Action"", ""Adventure"", ""Science Fiction""]","[""US""]",7,2,17,677
1084736,The Count of Monte Cristo,fr,2024-06-28,8.704,7.911,2000,46000000,75360860,178,Released,False,0,"[""Adventure"", ""Action"", ""Drama""]","[""FR"", ""BE""]",7,5,39,337
846422,The Old Guard 2,en,2025-07-01,8.2579,5.912,938,0,0,107,Released,False,1,"[""Action"", ""Fantasy""]","[""US""]",3,5,21,144
1313003,Close to Me,it,2025-03-20,8.2151,5.717,53,5000000,490149,103,Released,False,0,"[""Romance"", ""Thriller""]","[""IT"", ""RS""]",3,1,0,292
1159311,My Hero Academia: You're Next,ja,2024-08-02,8.685,7.184,206,0,32224616,110,Released,False,1,"[""Animation"", ""Action"", ""Adventure"", ""Science Fiction""]","[""JP""]",8,1,15,282
420809,Maleficent: Mistress of Evil,en,2019-10-16,8.6834,7.296,6449,185000000,491730089,119,Released,False,1,"[""Family"", ""Fantasy"", ""Adventure""]","[""US""]",2,1,25,208
799583,The Ministry of Ungentlemanly Warfare,en,2024-04-18,8.6717,7.013,1849,60000000,29768915,120,Released,False,0,"[""Action"", ""Comedy"", ""War""]","[""GB"", ""US""]",3,5,53,391
339964,Valerian and the City of a Thousand Planets,en,2017-07-19,8.6635,6.632,7947,177200000,225973340,137,Released,False,0,"[""Adventure"", ""Science Fiction"", ""Action""]","[""FR"", ""DE"", ""AE"", ""US"", ""BE"", ""CN""]",11,2,58,601
522938,Rambo: Last Blood,en,2019-09-18,8.6407,6.527,4186,50000000,91500000,89,Released,False,1,"[""Action"", ""Thriller"", ""Drama""]","[""CN"", ""US""]",5,2,35,397
552178,Dark Waters,en,2019-11-22,6.7588,7.532,2510,20000000,13601384,127,Released,False,0,"[""Drama"", ""Thriller""]","[""US""]",4,1,34,242
297761,Suicide Squad,en,2016-08-03,8.5608,5.917,22023,175000000,749200054,122,Released,False,1,"[""Action"", ""Adventure"", ""Fantasy""]","[""US""]",4,3,20,231
1287322,Christy,en,2025-11-06,8.5459,7.209,151,15000000,1310888,134,Released,False,0,"[""History"", ""Drama""]","[""US""]",5,1,37,482
406997,Wonder,en,2017-11-13,8.5433,8.107,8225,20000000,315025930,113,Released,False,0,"[""Family"", ""Drama""]","[""US""]",5,1,44,146
1083433,I Know What You Did Last Summer,en,2025-07-16,7.8932,5.668,747,18000000,64808120,111,Released,False,1,"[""Horror"", ""Thriller"", ""Mystery""]","[""US""]",5,1,31,333
265208,Wild Card,en,2015-01-14,8.5234,5.695,1927,30000000,6738764,92,Released,False,0,"[""Thriller"", ""Crime"", ""Action""]","[""US"", ""FR""]",7,1,43,145
513310,Boss Level,en,2021-02-19,8.29,6.867,1894,45000000,2000000,101,Released,False,0,"[""Action"", ""Science Fiction"", ""Thriller""]","[""GB"", ""US""]",11,2,31,184
661374,Glass Onion: A Knives Out Mystery,en,2022-11-23,8.5121,7.0,6740,40000000,15000000,140,Released,False,1,"[""Comedy"", ""Crime"", ""Mystery""]","[""US""]",1,1,39,153
882059,Boy Kills World,en,2024-04-24,6.6641,6.709,801,18000000,3139717,111,Released,False,0,"[""Crime"", ""Thriller"", ""Action""]","[""US""]",4,1,29,181
660982,American Pie Presents: Girls' Rules,en,2020-10-06,7.5718,6.113,706,0,0,95,Released,False,1,"[""Comedy""]","[""US""]",3,1,0,182
350,The Devil Wears Prada,en,2006-06-29,121.8012,7.39,13001,35000000,326706115,109,Released,False,1,"[""Drama"", ""Comedy""]","[""US""]",4,2,83,219
10867,Malena,it,2000-10-27,116.3459,7.4,2478,0,14493284,108,Released,False,0,"[""Drama""]","[""IT"", ""US""]",4,3,51,329
157336,Interstellar,en,2014-11-05,90.8739,8.471,39491,165000000,746606706,169,Released,False,0,"[""Adventure"", ""Drama"", ""Science Fiction""]","[""GB"", ""US""]",3,1,58,198
120,The Lord of the Rings: The Fellowship of the Ring,en,2001-12-18,45.3691,8.4,27378,93000000,871368364,179,Released,False,1,"[""Adventure"", ""Fantasy"", ""Action""]","[""NZ"", ""US""]",3,1,26,351
122,The Lord of the Rings: The Return of the King,en,2003-12-17,45.8732,8.496,26373,94000000,1118888979,201,Released,False,1,"[""Adventure"", ""Fantasy"", ""Action""]","[""NZ"", ""US""]",3,1,31,523
7451,xXx,en,2002-08-09,65.82,5.987,4871,70000000,277448382,124,Released,False,1,"[""Action"", ""Adventure"", ""Thriller"", ""Crime"", ""Drama""]","[""US""]",1,5,28,305
24428,The Avengers,en,2012-04-25,55.4056,8.009,37463,220000000,1518815515,143,Released,False,1,"[""Science Fiction"", ""Action"", ""Adventure""]","[""US""]",1,3,23,297
38541,The Divide,en,2012-01-13,56.001,5.9,734,3000000,156362,122,Released,False,0,"[""Horror"", ""Science Fiction"", ""Thriller""]","[""CA"", ""DE"", ""US""]",6,1,32,166
81774,Exploits of a Young Don Juan,fr,1986-11-04,49.0503,6.0,309,0,1300000,100,Released,False,0,"[""Comedy"", ""Drama""]","[""FR"", ""IT""]",5,1,0,338
278,The Shawshank Redemption,en,1994-09-23,48.2516,8.719,30191,25000000,28341469,142,Released,False,0,"[""Drama"", ""Crime""]","[""US""]",1,1,50,392
238,The Godfather,en,1972-03-14,43.7797,8.7,22804,6000000,245066411,175,Released,False,1,"[""Drama"", ""Crime""]","[""US""]",3,3,26,307
155,The Dark Knight,en,2008-07-16,38.2205,8.528,35568,185000000,1004558444,152,Released,False,1,"[""Action"", ""Crime"", ""Thriller""]","[""GB"", ""US""]",4,2,33,396
1579,Apocalypto,en,2006-12-07,37.9587,7.6,6205,40000000,120654337,138,Released,False,0,"[""Action"", ""Drama"", ""History""]","[""GB"", ""US""]",3,0,32,395
603,The Matrix,en,1999-03-31,36.5854,8.243,27716,63000000,463517383,136,Released,False,1,"[""Action"", ""Science Fiction""]","[""US""]",4,1,25,181
346,Seven Samurai,ja,1954-04-26,32.8908,8.449,4194,2000000,105000000,207,Released,False,0,"[""Action"", ""Drama""]","[""JP""]",1,1,37,261
129,Spirited Away,ja,2001-07-20,35.0613,8.5,18198,19000000,274925095,125,Released,False,0,"[""Animation"", ""Family"", ""Fantasy""]","[""JP""]",6,1,40,201
14836,Coraline,en,2009-02-05,35.0569,7.9,8883,60000000,185860104,100,Released,False,0,"[""Animation"", ""Family"", ""Fantasy""]","[""US""]",2,1,29,226
20222,Sex with Love,es,2003-03-27,34.2847,6.5,241,0,0,108,Released,False,0,"[""Comedy"", ""Romance""]","[""CL""]",1,1,0,180
19995,Avatar,en,2009-12-16,34.2422,7.602,33832,237000000,2923706026,162,Released,False,1,"[""Science Fiction"", ""Action"", ""Adventure""]","[""US"", ""GB""]",4,2,27,175
597,Titanic,en,1997-12-18,32.2254,7.9,27041,200000000,2264162353,194,Released,False,0,"[""Drama"", ""Romance""]","[""US""]",3,6,41,360
1213,The Talented Mr. Ripley,en,1999-12-25,32.7106,7.198,4118,40000000,128798265,140,Released,False,0,"[""Thriller"", ""Crime"", ""Drama""]","[""US""]",2,2,44,372
680,Pulp Fiction,en,1994-09-10,32.6636,8.5,30054,8000000,213928762,154,Released,False,0,"[""Thriller"", ""Crime"", ""Comedy""]","[""US""]",3,3,55,239
424,Schindler's List,en,1993-12-15,28.0741,8.6,17356,22000000,321365567,195,Released,False,0,"[""Drama"", ""History"", ""War""]","[""US""]",1,4,47,163
550,Fight Club,en,1999-10-15,31.8673,8.438,31864,63000000,100853753,139,Released,False,0,"[""Drama"", ""Thriller""]","[""DE"", ""US""]",5,1,23,295
27205,Inception,en,2010-07-15,31.6975,8.372,39074,160000000,839030630,148,Released,False,0,"[""Action"", ""Science Fiction"", ""Adventure""]","[""GB"", ""US""]",3,4,36,280
240,The Godfather Part II,en,1974-12-20,27.5151,8.572,13827,13000000,102600000,202,Released,False,1,"[""Drama"", ""Crime""]","[""US""]",2,4,41,222
4517,Elizabeth: The Golden Age,en,2007-09-09,12.5813,6.7,1303,55000000,74237563,114,Released,False,1,"[""Drama"", ""History"", ""Romance""]","[""FR"", ""GB"", ""DE""]",4,3,22,173
13,Forrest Gump,en,1994-06-23,30.0113,8.464,29592,55000000,677387716,142,Released,False,0,"[""Comedy"", ""Drama"", ""Romance""]","[""US""]",3,1,86,238
50619,The Twilight Saga: Breaking Dawn - Part 1,en,2011-11-16,26.2249,6.189,9231,110000000,712171856,117,Released,False,1,"[""Adventure"", ""Fantasy"", ""Romance""]","[""US""]",7,2,30,133
671,Harry Potter and the Philosopher's Stone,en,2001-11-16,28.7731,7.9,29432,125000000,976475550,152,Released,False,1,"[""Adventure"", ""Fantasy""]","[""GB"", ""US""]",3,1,20,406
807,Se7en,en,1995-09-22,25.2632,8.38,22942,33000000,327311859,127,Released,False,0,"[""Crime"", ""Mystery"", ""Thriller""]","[""US""]",3,1,49,389
497,The Green Mile,en,1999-12-10,25.3535,8.504,19133,60000000,286801374,189,Released,False,0,"[""Fantasy"", ""Drama"", ""Crime""]","[""US""]",2,2,67,303
106646,The Wolf of Wall Street,en,2013-12-25,27.1735,8.028,25781,100000000,407038432,180,Released,False,0,"[""Crime"", ""Drama"", ""Comedy""]","[""US""]",4,2,19,200
564,The Mummy,en,1999-04-16,26.9885,6.965,9914,80000000,415885488,124,Released,False,1,"[""Adventure"", ""Action"", ""Fantasy""]","[""US""]",1,2,72,370
1726,Iron Man,en,2008-04-30,26.627,7.657,27995,140000000,585174222,126,Released,False,1,"[""Action"", ""Science Fiction"", ""Adventure""]","[""US""]",3,4,34,132
11,Star Wars,en,1977-05-25,26.4727,8.203,22196,11000000,775398007,121,Released,False,1,"[""Adventure"", ""Action"", ""Science Fiction""]","[""US""]",2,1,44,312
10138,Iron Man 2,en,2010-04-28,26.3954,6.851,22276,200000000,623933331,124,Released,False,1,"[""Adventure"", ""Action"", ""Science Fiction""]","[""US""]",3,3,59,372
38,Eternal Sunshine of the Spotless Mind,en,2004-03-19,26.1854,8.09,16242,20000000,72258126,108,Released,False,0,"[""Science Fiction"", ""Drama"", ""Romance""]","[""US""]",3,1,86,255
348,Alien,en,1979-05-25,25.9313,8.169,16247,11000000,104931801,117,Released,False,1,"[""Horror"", ""Science Fiction""]","[""US"", ""GB""]",3,2,36,420
7131,Van Helsing,en,2004-05-03,25.8903,6.4,6574,160000000,300257475,132,Released,False,0,"[""Horror"", ""Adventure"", ""Action""]","[""CZ"", ""US""]",3,2,27,308
808,Shrek,en,2001-05-18,25.7984,7.759,18627,60000000,488977919,90,Released,False,1,"[""Animation"", ""Comedy"", ""Fantasy"", ""Adventure"", ""Family""]","[""US""]",3,1,35,253
557,Spider-Man,en,2002-05-01,25.3594,7.325,20544,139000000,821708551,121,Released,False,1,"[""Action"", ""Science Fiction""]","[""US""]",3,1,25,190
769,GoodFellas,en,1990-09-12,25.2848,8.5,14243,25000000,47072327,145,Released,False,0,"[""Drama"", ""Crime""]","[""US""]",2,2,35,203
411,"The Chronicles of Narnia: The Lion, the Witch and the Wardrobe",en,2005-12-07,25.2256,7.1,11434,180000000,745013115,143,Released,False,1,"[""Adventure"", ""Family"", ""Fantasy""]","[""GB"", ""US""]",3,2,38,387
8587,The Lion King,en,1994-06-15,23.6481,8.253,19593,45000000,763455561,89,Released,False,1,"[""Animation"", ""Family"", ""Drama""]","[""US""]",2,1,73,316
429,"The Good, the Bad and the Ugly",it,1966-12-23,24.3542,8.468,9571,1200000,38900000,161,Released,False,1,"[""Western""]","[""US"", ""IT"", ""ES"", ""DE""]",4,1,57,225
111,Scarface,en,1983-12-09,24.2666,8.155,12926,25000000,66023329,170,Released,False,0,"[""Action"", ""Crime"", ""Drama""]","[""US""]",2,2,46,469
673,Harry Potter and the Prisoner of Azkaban,en,2004-05-31,22.2838,8.008,23035,130000000,789804554,141,Released,False,1,"[""Adventure"", ""Fantasy""]","[""GB"", ""US""]",4,1,32,433
10144,The Little Mermaid,en,1989-11-17,24.1525,7.351,8368,40000000,211343479,83,Released,False,1,"[""Animation"", ""Family"", ""Fantasy""]","[""US""]",2,2,79,274
218,The Terminator,en,1984-10-26,23.8736,7.678,14486,6400000,78371200,108,Released,False,1,"[""Action"", ""Thriller"", ""Science Fiction""]","[""GB"", ""US""]",2,2,28,389
121,The Lord of the Rings: The Two Towers,en,2002-12-18,20.2205,8.415,23740,79000000,926287400,179,Released,False,1,"[""Adventure"", ""Fantasy"", ""Action""]","[""NZ"", ""US""]",3,1,22,558
210577,Gone Girl,en,2014-10-01,23.2121,7.89,19853,61000000,370890259,149,Released,False,0,"[""Mystery"", ""Thriller"", ""Drama""]","[""US""]",3,1,43,169
244786,Whiplash,en,2014-10-10,23.1734,8.375,16519,3300000,50307484,107,Released,False,0,"[""Drama"", ""Music"", ""Thriller""]","[""US""]",3,1,47,130
862,Toy Story,en,1995-11-22,22.3301,7.972,19770,30000000,401157969,81,Released,False,1,"[""Family"", ""Comedy"", ""Animation"", ""Adventure""]","[""US""]",1,1,47,303
8966,Twilight,en,2008-11-20,22.7064,6.279,14336,37000000,393616788,122,Released,False,1,"[""Fantasy"", ""Drama"", ""Romance""]","[""GB"", ""US""]",6,1,48,284
389,12 Angry Men,en,1957-04-10,22.4208,8.6,9912,397751,4360000,97,Released,False,0,"[""Drama""]","[""US""]",1,1,39,332
58,Pirates of the Caribbean: Dead Man's Chest,en,2006-07-06,20.4797,7.375,17049,200000000,1066179747,151,Released,False,1,"[""Adventure"", ""Fantasy"", ""Action""]","[""US""]",3,4,21,419
11850,Invasion of the Body Snatchers,en,1978-12-20,22.0722,7.219,1303,3500000,24946533,116,Released,False,0,"[""Science Fiction"", ""Horror""]","[""US""]",1,2,36,180
68721,Iron Man 3,en,2013-04-18,22.0607,6.931,23333,200000000,1215577205,130,Released,False,1,"[""Action"", ""Adventure"", ""Science Fiction""]","[""US""]",1,1,35,136
105,Back to the Future,en,1985-07-03,22.0357,8.325,21665,19000000,381109762,116,Released,False,1,"[""Adventure"", ""Comedy"", ""Science Fiction""]","[""US""]",2,1,121,327
138843,The Conjuring,en,2013-07-18,22.0284,7.537,12634,13000000,321293998,112,Released,False,1,"[""Horror"", ""Thriller""]","[""US""]",3,1,44,236
585,"Monsters, Inc.",en,2001-11-01,21.1161,7.848,19668,115000000,579700000,92,Released,False,1,"[""Animation"", ""Comedy"", ""Family""]","[""US""]",1,1,43,321
106,Predator,en,1987-06-12,21.4294,7.546,9017,15000000,98267558,107,Released,False,1,"[""Science Fiction"", ""Action"", ""Adventure"", ""Thriller""]","[""US""]",6,2,25,137
12153,White Chicks,en,2004-06-23,20.7256,6.93,4476,37000000,113100000,109,Released,False,0,"[""Comedy"", ""Crime""]","[""US""]",3,1,30,376
10437,The Muppet Christmas Carol,en,1992-12-11,21.1899,7.441,1152,12000000,27300000,86,Released,False,1,"[""Music"", ""Comedy"", ""Family"", ""Fantasy"", ""Drama""]","[""US""]",2,1,0,211
72190,World War Z,en,2013-06-19,21.1153,6.826,16430,200000000,531865000,116,Released,False,1,"[""Action"", ""Horror"", ""Science Fiction"", ""Thriller""]","[""US""]",6,1,54,456
672,Harry Potter and the Chamber of Secrets,en,2002-11-13,20.8106,7.702,23466,100000000,876688482,161,Released,False,1,"[""Adventure"", ""Fantasy""]","[""GB"", ""US"", ""DE""]",4,1,40,328
109445,Frozen,en,2013-11-20,20.7947,7.248,17503,150000000,1274219009,102,Released,False,1,"[""Animation"", ""Family"", ""Adventure"", ""Fantasy""]","[""US""]",1,1,74,395
1621,Trading Places,en,1983-06-07,20.7509,7.227,3633,15000000,90404800,116,Released,False,0,"[""Comedy""]","[""US""]",2,1,54,124
615,The Passion of the Christ,en,2004-02-25,20.5643,7.536,5168,30000000,610063468,127,Released,False,1,"[""Drama""]","[""US""]",1,2,30,73
6435,Practical Magic,en,1998-10-16,20.5428,6.771,1693,75000000,46733235,104,Released,False,1,"[""Romance"", ""Comedy"", ""Fantasy""]","[""US""]",4,1,88,416
12445,Harry Potter and the Deathly Hallows: Part 2,en,2011-07-12,20.4294,8.1,21873,125000000,1341511219,130,Released,False,1,"[""Adventure"", ""Fantasy""]","[""GB"", ""US""]",2,1,12,263
12,Finding Nemo,en,2003-05-30,20.403,7.817,20454,94000000,940335536,100,Released,False,1,"[""Animation"", ""Family"", ""Adventure""]","[""US""]",1,1,66,333
207,Dead Poets Society,en,1989-06-02,20.3798,8.3,12511,16400000,235860116,129,Released,False,0,"[""Drama""]","[""US""]",4,2,60,221
198663,The Maze Runner,en,2014-09-10,20.3033,7.189,18022,34000000,348319861,113,Released,False,1,"[""Action"", ""Mystery"", ""Science Fiction"", ""Thriller""]","[""US"", ""GB""]",6,1,17,291
10474,The Basketball Diaries,en,1995-04-21,20.2743,7.398,2178,2000000,2381087,102,Released,False,0,"[""Drama"", ""Crime""]","[""US""]",1,1,68,119
559,Spider-Man 3,en,2007-05-01,20.2711,6.455,15123,258000000,894983373,139,Released,False,1,"[""Action"", ""Adventure"", ""Science Fiction""]","[""US""]",3,2,32,286
177572,Big Hero 6,en,2014-10-24,20.1002,7.724,16495,165000000,657870525,102,Released,False,0,"[""Adventure"", ""Family"", ""Animation"", ""Action"", ""Comedy""]","[""US""]",1,1,32,164
280,Terminator 2: Judgment Day,en,1991-07-03,18.0838,8.145,14166,102000000,517778573,137,Released,False,1,"[""Action"", ""Thriller"", ""Science Fiction""]","[""FR"", ""US""]",4,2,22,241
18240,The Proposal,en,2009-06-02,19.91,7.143,7410,40000000,317400000,108,Released,False,0,"[""Comedy"", ""Romance"", ""Drama""]","[""US""]",3,1,23,175
49521,Man of Steel,en,2013-06-12,19.8765,6.643,16101,225000000,668045518,143,Released,False,1,"[""Action"", ""Adventure"", ""Science Fiction""]","[""GB"", ""US""]",4,1,18,293
674,Harry Potter and the Goblet of Fire,en,2005-11-16,18.9098,7.8,22042,150000000,895921036,157,Released,False,1,"[""Adventure"", ""Fantasy""]","[""GB"", ""US""]",3,2,35,390
10681,WALL·E,en,2008-06-22,19.7839,8.11,20147,180000000,521311860,98,Released,False,0,"[""Animation"", ""Family"", ""Science Fiction""]","[""US""]",1,1,85,462
4935,Howl's Moving Castle,ja,2004-09-09,20.6846,8.386,10985,24000000,236049757,119,Released,False,0,"[""Fantasy"", ""Animation"", ""Adventure""]","[""JP""]",7,1,20,202
979,Irreversible,fr,2002-05-22,19.7039,7.178,3254,3500000,6500000,93,Released,False,0,"[""Drama"", ""Thriller"", ""Crime""]","[""FR""]",7,4,25,267
949,Heat,en,1995-12-15,16.9712,7.9,8263,60000000,187400000,170,Released,False,1,"[""Crime"", ""Drama"", ""Action""]","[""US""]",3,2,25,324
205596,The Imitation Game,en,2014-11-14,19.5871,7.985,17991,14000000,233555708,113,Released,False,0,"[""History"", ""Drama"", ""Thriller"", ""War""]","[""US"", ""GB""]",3,1,49,287
122917,The Hobbit: The Battle of the Five Armies,en,2014-12-10,19.4953,7.331,15265,250000000,956019788,144,Released,False,1,"[""Action"", ""Adventure"", ""Fantasy""]","[""NZ"", ""US""]",3,1,36,395
156022,The Equalizer,en,2014-09-24,19.4941,7.285,9879,55000000,192330738,132,Released,False,1,"[""Thriller"", ""Action"", ""Crime""]","[""US""]",6,1,36,586
11324,Shutter Island,en,2010-02-14,16.4886,8.2,25700,80000000,294804195,138,Released,False,0,"[""Drama"", ""Thriller"", ""Mystery""]","[""US""]",4,2,19,219
670,Oldboy,ko,2003-11-21,19.3352,8.239,9757,3000000,17500000,120,Released,False,0,"[""Drama"", ""Thriller"", ""Mystery"", ""Action""]","[""KR""]",3,1,49,123
14160,Up,en,2009-05-28,19.3197,7.959,21567,175000000,735103954,96,Released,False,0,"[""Animation"", ""Comedy"", ""Family"", ""Adventure""]","[""US""]",1,1,21,274
652,Troy,en,2004-05-13,19.2365,7.168,10971,175000000,497409852,163,Released,False,0,"[""War"", ""Action"", ""History""]","[""GB"", ""US""]",4,1,59,436
101,Léon: The Professional,fr,1994-09-14,19.122,8.295,16003,16000000,45284974,111,Released,False,0,"[""Crime"", ""Drama"", ""Action""]","[""FR""]",2,3,52,313
8689,Cannibal Holocaust,it,1980-02-07,19.0002,6.27,1841,100000,2000000,95,Released,False,0,"[""Horror""]","[""CO"", ""IT""]",4,3,28,204
767,Harry Potter and the Half-Blood Prince,en,2009-07-15,19.026,7.7,20676,250000000,933959197,153,Released,False,1,"[""Adventure"", ""Fantasy""]","[""GB"", ""US""]",2,1,22,631
37165,The Truman Show,en,1998-06-04,17.6549,8.151,20069,60000000,264118712,103,Released,False,0,"[""Comedy"", ""Drama""]","[""US""]",2,4,20,183
249397,Nymphomaniac: Vol. II,en,2013-12-25,18.8114,6.707,3120,2350000,4934725,124,Released,False,1,"[""Drama"", ""Mystery""]","[""DK"", ""DE"", ""BE"", ""FR"", ""SE""]",10,1,18,143
16869,Inglourious Basterds,en,2009-08-02,18.8027,8.217,24038,70000000,321457747,153,Released,False,0,"[""Drama"", ""Thriller"", ""War""]","[""DE"", ""US""]",5,4,43,367
102382,The Amazing Spider-Man 2,en,2014-04-16,18.7812,6.5,14141,200000000,716934779,141,Released,False,1,"[""Action"", ""Adventure"", ""Science Fiction""]","[""US""]",4,1,27,471
578,Jaws,en,1975-06-20,18.7564,7.7,11460,7000000,470653000,124,Released,False,1,"[""Horror"", ""Thriller"", ""Adventure""]","[""US""]",2,1,68,248
675,Harry Potter and the Order of the Phoenix,en,2007-07-08,18.6932,7.7,20699,150000000,938212738,138,Released,False,1,"[""Adventure"", ""Fantasy""]","[""GB"", ""US""]",2,1,21,288
22,Pirates of the Caribbean: The Curse of the Black Pearl,en,2003-07-09,18.4443,7.82,22105,140000000,655011224,143,Released,False,1,"[""Adventure"", ""Fantasy"", ""Action""]","[""US""]",2,1,37,312
11036,The Notebook,en,2004-06-25,18.3721,7.888,12460,29000000,115600000,123,Released,False,0,"[""Romance"", ""Drama""]","[""US""]",3,1,41,301
744,Top Gun,en,1986-05-16,17.2702,7.1,9471,15000000,356830601,110,Released,False,1,"[""Action"", ""Drama"", ""Romance""]","[""US""]",2,1,35,273
12444,Harry Potter and the Deathly Hallows: Part 1,en,2010-11-17,18.0953,7.7,20272,250000000,954305868,146,Released,False,1,"[""Adventure"", ""Fantasy""]","[""GB"", ""US""]",2,1,16,298
62,2001: A Space Odyssey,en,1968-04-02,18.0283,8.053,12510,12000000,71923560,149,Released,False,1,"[""Science Fiction"", ""Mystery"", ""Adventure""]","[""GB"", ""US""]",2,2,43,169
49051,The Hobbit: An Unexpected Journey,en,2012-12-12,17.9537,7.37,19526,250000000,1021103568,169,Released,False,1,"[""Adventure"", ""Fantasy"", ""Action""]","[""NZ"", ""US""]",3,1,55,181
22881,The Blind Side,en,2009-11-20,17.8576,7.665,6795,29000000,309231694,129,Released,False,0,"[""Drama""]","[""US""]",2,1,37,179
1930,The Amazing Spider-Man,en,2012-06-23,17.107,6.732,18413,215000000,758725893,136,Released,False,1,"[""Action"", ""Adventure"", ""Science Fiction""]","[""US""]",5,1,24,638
857,Saving Private Ryan,en,1998-07-24,17.7036,8.223,17097,70000000,481840909,169,Released,False,0,"[""War"", ""Drama"", ""History""]","[""US""]",4,4,21,249
694,The Shining,en,1980-05-23,17.6835,8.205,18819,19000000,44781695,144,Released,False,1,"[""Horror"", ""Thriller""]","[""GB"", ""US""]",4,1,31,239
49026,The Dark Knight Rises,en,2012-07-17,17.4525,7.793,24228,250000000,1081041287,165,Released,False,1,"[""Action"", ""Crime"", ""Drama"", ""Thriller""]","[""GB"", ""US""]",4,1,16,428
1734,The Mummy Returns,en,2001-05-04,17.4341,6.397,7614,98000000,443280904,130,Released,False,1,"[""Adventure"", ""Action"", ""Fantasy""]","[""US"", ""GB""]",3,2,20,328
59,A History of Violence,en,2005-09-23,17.2753,7.161,3692,32000000,61477797,96,Released,False,0,"[""Drama"", ""Thriller"", ""Crime""]","[""DE"", ""US""]",3,1,56,117
9502,Kung Fu Panda,en,2008-06-04,16.627,7.318,12550,130000000,632091832,90,Released,False,1,"[""Action"", ""Animation"", ""Comedy"", ""Drama"", ""Family""]","[""US""]",1,1,24,340
7485,Shooter,en,2007-03-22,17.3038,7.116,5401,61000000,95700000,124,Released,False,0,"[""Drama"", ""Action"", ""Thriller""]","[""US""]",3,1,50,577
2288,Closer,en,2004-12-03,16.8152,6.833,3721,27000000,115505027,104,Released,False,0,"[""Drama"", ""Romance""]","[""GB"", ""US""]",2,1,62,124
272,Batman Begins,en,2005-06-10,15.4448,7.7,22480,150000000,374218673,140,Released,False,1,"[""Drama"", ""Crime"", ""Action""]","[""GB"", ""US""]",5,3,22,269
11224,Cinderella,en,1950-02-22,17.1627,7.0,7114,2900000,263600000,74,Released,False,1,"[""Family"", ""Fantasy"", ""Animation"", ""Romance""]","[""US""]",1,1,34,380
863,Toy Story 2,en,1999-10-30,17.12,7.604,14803,90000000,497375404,92,Released,False,1,"[""Animation"", ""Comedy"", ""Family""]","[""US""]",1,1,26,322
39254,Real Steel,en,2011-09-28,17.0631,7.069,9031,110000000,299300000,127,Released,False,0,"[""Action"", ""Science Fiction"", ""Drama""]","[""US"", ""IN""]",4,1,31,215
77338,The Intouchables,fr,2011-11-02,17.0384,8.269,18331,13000000,426590315,113,Released,False,0,"[""Drama"", ""Comedy""]","[""FR""]",5,2,93,154
1265,Bridge to Terabithia,en,2007-02-15,17.3246,7.309,5181,60000000,137587063,95,Released,False,0,"[""Adventure"", ""Drama"", ""Family""]","[""US""]",3,1,90,406
38757,Tangled,en,2010-11-24,16.9633,7.609,12313,260000000,592461732,100,Released,False,1,"[""Animation"", ""Family"", ""Adventure""]","[""US""]",2,1,40,286
18785,The Hangover,en,2009-06-02,16.8772,7.331,18001,35000000,469310836,100,Released,False,1,"[""Comedy""]","[""US""]",3,1,34,359
4232,Scream,en,1996-12-20,16.7521,7.429,7874,14000000,173046663,112,Released,False,1,"[""Crime"", ""Horror"", ""Mystery""]","[""US""]",2,1,106,166
510,One Flew Over the Cuckoo's Nest,en,1975-11-19,15.8105,8.412,11373,3000000,108981275,133,Released,False,0,"[""Drama""]","[""US""]",1,1,83,210
2105,American Pie,en,1999-07-09,15.2029,6.604,8246,11000000,235483004,95,Released,False,1,"[""Comedy"", ""Romance""]","[""US""]",2,1,38,257
9806,The Incredibles,en,2004-10-27,16.6847,7.7,18796,92000000,631442092,115,Released,False,1,"[""Action"", ""Adventure"", ""Animation"", ""Family""]","[""US""]",1,2,22,234
98,Gladiator,en,2000-05-04,20.0719,8.225,20764,103000000,465516248,155,Released,False,1,"[""Action"", ""Drama"", ""Adventure""]","[""GB"", ""US""]",5,1,38,283
78,Blade Runner,en,1982-06-25,16.4987,7.939,14895,28000000,41722424,118,Released,False,1,"[""Science Fiction"", ""Drama"", ""Thriller""]","[""US"", ""HK"", ""GB""]",3,5,47,232
228150,Fury,en,2014-10-15,16.4506,7.543,12859,68000000,211817906,135,Released,False,0,"[""War"", ""Drama"", ""Action""]","[""US""]",5,3,23,395
20352,Despicable Me,en,2010-07-08,16.3907,7.256,15992,69000000,543284256,95,Released,False,1,"[""Animation"", ""Comedy"", ""Crime"", ""Family"", ""Science Fiction""]","[""US""]",2,1,19,287
4247,Scary Movie,en,2000-07-07,16.3452,6.39,7695,19000000,278023280,88,Released,False,1,"[""Comedy""]","[""US""]",4,1,30,274
1396,Mirror,ru,1975-03-07,16.1659,7.953,1085,825000,124367,107,Released,False,0,"[""Drama"", ""History""]","[""SU""]",1,2,0,168
28,Apocalypse Now,en,1979-05-19,16.1554,8.268,9022,31500000,150000000,147,Released,False,0,"[""Drama"", ""War""]","[""US""]",1,4,18,333
68718,Django Unchained,en,2012-12-25,15.9254,8.2,27883,100000000,425368238,165,Released,False,0,"[""Drama"", ""Western""]","[""US""]",2,3,44,126
55846,Blitz,en,2011-05-20,15.8783,6.181,1794,15774948,15800000,97,Released,False,0,"[""Crime"", ""Action"", ""Thriller""]","[""FR"", ""GB"", ""US""]",5,1,30,94
38365,Grown Ups,en,2010-06-24,15.8507,6.398,6626,80000000,271457606,102,Released,False,1,"[""Comedy""]","[""US""]",3,1,47,138
10195,Thor,en,2011-04-21,15.8282,6.768,22249,150000000,449326618,115,Released,False,1,"[""Adventure"", ""Fantasy"", ""Action""]","[""US""]",2,1,20,350
285,Pirates of the Caribbean: At World's End,en,2007-05-19,14.9455,7.266,15367,300000000,961691209,169,Released,False,1,"[""Adventure"", ""Fantasy"", ""Action""]","[""US""]",3,1,46,519
77,Memento,en,2000-10-11,15.6688,8.177,16120,9000000,40060108,113,Released,False,0,"[""Mystery"", ""Thriller""]","[""US""]",4,1,33,371
953,Madagascar,en,2005-05-25,14.9516,6.922,11666,75000000,542064525,86,Released,False,1,"[""Adventure"", ""Animation"", ""Comedy"", ""Family""]","[""US""]",2,5,57,150
5879,In the Realm of the Senses,ja,1976-09-15,15.5972,6.571,722,0,7650000,105,Released,False,0,"[""Drama"", ""Romance""]","[""JP"", ""FR""]",3,1,65,151
11770,Shaolin Soccer,cn,2001-07-05,18.0868,7.15,2501,10000005,42776760,113,Released,False,0,"[""Action"", ""Comedy""]","[""HK"", ""CN""]",3,2,29,136
103,Taxi Driver,en,1976-02-09,15.4656,8.1,13351,1900000,28579636,114,Released,False,0,"[""Crime"", ""Drama""]","[""US""]",3,2,157,211
1865,Pirates of the Caribbean: On Stranger Tides,en,2011-05-15,15.3025,6.566,14875,379000000,1046721266,136,Released,False,1,"[""Adventure"", ""Action"", ""Fantasy""]","[""GB"", ""US""]",3,2,27,162
14161,2012,en,2009-10-10,15.442,5.873,12673,200000000,791217826,158,Released,False,0,"[""Action"", ""Adventure"", ""Science Fiction""]","[""US""]",4,11,15,687
22832,Ninja Assassin,en,2009-09-29,14.0889,6.672,1750,40000000,61601280,99,Released,False,0,"[""Action"", ""Adventure"", ""Thriller""]","[""US"", ""FR"", ""DE""]",9,1,49,383
629,The Usual Suspects,en,1995-07-19,15.3842,8.17,11327,6000000,23300000,106,Released,False,0,"[""Drama"", ""Crime"", ""Thriller""]","[""US""]",2,4,44,409
679,Aliens,en,1986-07-18,15.3407,7.962,10767,18500000,183316455,137,Released,False,1,"[""Action"", ""Thriller"", ""Science Fiction""]","[""US""]",3,1,57,280
246,Zatoichi,ja,2003-09-06,15.835,7.241,953,2500000,34196922,116,Released,False,0,"[""Adventure"", ""Drama"", ""Action""]","[""JP"", ""FR""]",7,1,59,201
9552,The Exorcist,en,1973-12-26,15.238,7.741,8579,12000000,441306145,122,Released,False,1,"[""Horror"", ""Drama""]","[""US""]",2,6,162,116
772,Home Alone 2: Lost in New York,en,1992-11-15,15.1801,6.784,10559,18000000,358994850,120,Released,False,1,"[""Comedy"", ""Family"", ""Adventure""]","[""US""]",2,2,55,315
128,Princess Mononoke,ja,1997-07-12,15.2792,8.323,8917,23500000,176506186,134,Released,False,0,"[""Adventure"", ""Fantasy"", ""Animation""]","[""JP""]",6,1,58,324
561,Constantine,en,2005-02-08,15.1478,7.1,7946,100000000,230900000,121,Released,False,1,"[""Fantasy"", ""Action"", ""Horror""]","[""DE"", ""US""]",8,4,55,274
1735,The Mummy: Tomb of the Dragon Emperor,en,2008-07-01,15.1268,5.514,4781,145000000,403449830,112,Released,False,1,"[""Adventure"", ""Action"", ""Fantasy""]","[""US"", ""CN"", ""DE""]",7,3,19,317
10625,Mean Girls,en,2004-04-30,14.0314,7.2,9394,17000000,130195052,97,Released,False,1,"[""Drama"", ""Comedy""]","[""US""]",3,4,16,187
489,Good Will Hunting,en,1997-12-05,15.0166,8.16,13737,10000000,225933435,127,Released,False,0,"[""Drama""]","[""US""]",3,1,76,218
1813,The Devil's Advocate,en,1997-10-17,12.8612,7.468,6726,57000000,153000000,144,Released,False,0,"[""Horror"", ""Drama"", ""Mystery""]","[""DE"", ""US""]",6,6,113,196
62177,Brave,en,2012-06-21,14.9516,7.022,14095,185000000,538983207,93,Released,False,0,"[""Animation"", ""Family"", ""Fantasy"", ""Adventure""]","[""US""]",1,1,17,558
425,Ice Age,en,2002-03-14,14.9199,7.369,14210,59000000,383257136,81,Released,False,1,"[""Animation"", ""Comedy"", ""Family"", ""Adventure""]","[""US""]",2,1,16,186
245891,John Wick,en,2014-10-22,14.9058,7.454,20708,20000000,86085191,101,Released,False,1,"[""Action"", ""Thriller""]","[""US""]",4,3,18,102
311,Once Upon a Time in America,en,1984-05-23,14.8261,8.383,5992,30000000,5500000,229,Released,False,0,"[""Drama"", ""Crime""]","[""US"", ""IT""]",4,5,34,183
809,Shrek 2,en,2004-05-19,13.6991,7.3,13351,150000000,935454538,92,Released,False,1,"[""Animation"", ""Family"", ""Comedy"", ""Fantasy"", ""Romance""]","[""US""]",2,1,38,295
79,Hero,zh,2002-12-19,15.9189,7.512,2475,31000000,177394432,99,Released,False,0,"[""Drama"", ""Adventure"", ""Action"", ""History""]","[""HK"", ""CN""]",6,1,40,200
4348,Pride & Prejudice,en,2005-09-16,14.7366,8.0,8708,28000000,124604345,128,Released,False,0,"[""Drama"", ""Romance""]","[""FR"", ""GB"", ""US""]",4,1,94,367
920,Cars,en,2006-06-08,14.6464,7.025,15028,120000000,461983149,117,Released,False,1,"[""Animation"", ""Adventure"", ""Comedy"", ""Family""]","[""US""]",1,4,38,386
345,Eyes Wide Shut,en,1999-07-16,14.624,7.5,6971,67,162100000,160,Released,False,0,"[""Drama"", ""Thriller"", ""Mystery""]","[""GB"", ""US""]",4,1,24,275
131631,The Hunger Games: Mockingjay - Part 1,en,2014-11-19,13.3608,6.8,16662,125000000,755356711,123,Released,False,1,"[""Science Fiction"", ""Adventure"", ""Thriller""]","[""US""]",2,1,36,428
72105,Ted,en,2012-06-29,14.5997,6.448,13095,50000000,549368315,107,Released,False,1,"[""Comedy"", ""Fantasy""]","[""US""]",5,1,14,174
4951,10 Things I Hate About You,en,1999-03-30,14.5427,7.589,8853,16000000,53478166,97,Released,False,1,"[""Comedy"", ""Romance"", ""Drama""]","[""US""]",2,2,44,401
1412,"sex, lies, and videotape",en,1989-08-04,15.4726,6.939,1021,1200000,24741667,101,Released,False,0,"[""Drama""]","[""US""]",1,1,46,293
49013,Cars 2,en,2011-06-11,14.3831,6.176,8429,200000000,559852396,106,Released,False,1,"[""Animation"", ""Family"", ""Adventure"", ""Comedy""]","[""US""]",2,5,19,239
1430,Bowling for Columbine,en,2002-10-09,14.0516,7.51,1680,4000000,35564473,120,Released,False,0,"[""Documentary"", ""Drama""]","[""CA"", ""DE"", ""US""]",5,1,48,607
76492,Hotel Transylvania,en,2012-09-20,14.3551,6.962,9142,85000000,358375603,91,Released,False,1,"[""Animation"", ""Comedy"", ""Family"", ""Fantasy""]","[""US""]",2,1,42,430
637,Life Is Beautiful,it,1997-12-20,12.7038,8.438,13925,20000000,230098753,116,Released,False,0,"[""Comedy"", ""Drama""]","[""IT""]",2,0,76,320
855,Black Hawk Down,en,2001-12-28,14.2224,7.393,6315,92000000,172989651,145,Released,False,0,"[""Action"", ""War"", ""History""]","[""GB"", ""US""]",3,2,20,244
152601,Her,en,2013-12-18,14.2084,7.841,15225,23000000,47351251,126,Released,False,0,"[""Romance"", ""Science Fiction"", ""Drama""]","[""US""]",1,1,25,410
19404,Dilwale Dulhania Le Jayenge,hi,1995-10-20,17.3119,8.5,4575,13200000,100000000,190,Released,False,0,"[""Comedy"", ""Drama"", ""Romance""]","[""IN""]",1,1,35,385
812,Aladdin,en,1992-11-25,13.9695,7.7,11958,28000000,504050219,91,Released,False,1,"[""Animation"", ""Family"", ""Adventure"", ""Fantasy"", ""Romance""]","[""US""]",1,1,88,230
9453,Caligula,it,1979-08-14,14.1074,5.965,972,17500000,23400000,156,Released,False,1,"[""Drama"", ""History""]","[""IT"", ""US""]",2,1,23,152
240832,Lucy,en,2014-07-25,14.0334,6.473,16980,40000000,469058574,89,Released,False,0,"[""Action"", ""Science Fiction""]","[""FR""]",4,5,89,144
49519,The Croods,en,2013-03-15,14.0114,6.934,7501,135000000,587204668,99,Released,False,1,"[""Animation"", ""Adventure"", ""Family"", ""Comedy""]","[""US""]",1,1,19,395
598,City of God,pt,2002-08-30,13.9993,8.429,8119,3300000,30641770,129,Released,False,0,"[""Drama"", ""Crime""]","[""BR"", ""FR"", ""DE""]",6,1,67,297
423,The Pianist,en,2002-09-17,13.0854,8.374,10072,35000000,120098945,150,Released,False,0,"[""Drama"", ""War""]","[""FR"", ""DE"", ""PL"", ""GB""]",4,4,52,356
2062,Ratatouille,en,2007-06-28,13.9543,7.838,18370,150000000,623726000,111,Released,False,0,"[""Animation"", ""Comedy"", ""Family"", ""Fantasy""]","[""US""]",1,2,28,661
2109,Rush Hour,en,1998-09-18,13.9098,7.063,5599,33000000,244721064,97,Released,False,1,"[""Action"", ""Comedy"", ""Crime""]","[""US""]",3,3,65,332
43347,Love & Other Drugs,en,2010-11-22,12.8465,7.037,5555,30000000,102800000,112,Released,False,0,"[""Drama"", ""Comedy"", ""Romance""]","[""US""]",6,1,57,386
948,Halloween,en,1978-10-24,13.8457,7.6,6138,325000,70260597,91,Released,False,1,"[""Horror"", ""Thriller""]","[""US""]",3,1,23,180
68726,Pacific Rim,en,2013-07-11,12.3887,6.918,13267,180000000,411000000,131,Released,False,1,"[""Action"", ""Science Fiction"", ""Adventure""]","[""US""]",2,4,39,358
75656,Now You See Me,en,2013-05-29,13.7488,7.331,16693,75000000,351723989,116,Released,False,1,"[""Thriller"", ""Crime""]","[""US"", ""FR""]",4,2,41,161
50646,"Crazy, Stupid, Love.",en,2011-07-29,13.7354,7.271,9222,50000000,145079584,118,Released,False,0,"[""Comedy"", ""Drama"", ""Romance""]","[""US""]",1,1,44,437
607,Men in Black,en,1997-07-02,14.2854,7.219,14751,90000000,589390539,98,Released,False,1,"[""Action"", ""Adventure"", ""Comedy"", ""Science Fiction""]","[""US""]",3,2,51,388
1724,The Incredible Hulk,en,2008-06-12,13.7142,6.233,12615,150000000,264770996,114,Released,False,0,"[""Science Fiction"", ""Action"", ""Adventure""]","[""US""]",3,3,32,271
1495,Kingdom of Heaven,en,2005-05-03,13.6818,7.022,4883,130000000,218366336,144,Released,False,0,"[""Drama"", ""Action"", ""Adventure"", ""History"", ""War""]","[""US"", ""GB"", ""DE"", ""ES""]",7,4,84,131
950,Ice Age: The Meltdown,en,2006-03-29,13.6445,6.716,10299,80000000,660998756,91,Released,False,1,"[""Animation"", ""Family"", ""Comedy"", ""Adventure""]","[""US""]",3,1,23,323
3933,Corpse Bride,en,2005-09-12,13.6371,7.6,10115,40000000,118133252,77,Released,False,0,"[""Romance"", ""Fantasy"", ""Animation""]","[""GB"", ""US""]",5,1,38,200
745,The Sixth Sense,en,1999-08-06,12.6769,7.951,12778,40000000,672800000,107,Released,False,0,"[""Mystery"", ""Thriller"", ""Drama""]","[""US""]",4,3,29,137
24,Kill Bill: Vol. 1,en,2003-10-10,13.6007,7.97,18822,30000000,180906076,111,Released,False,1,"[""Action"", ""Crime""]","[""US""]",3,3,21,138
640,Catch Me If You Can,en,2002-12-16,14.0496,7.977,16982,52000000,352114312,141,Released,False,0,"[""Drama"", ""Crime""]","[""US""]",4,2,30,292
57158,The Hobbit: The Desolation of Smaug,en,2013-12-11,13.4921,7.577,14112,250000000,958400000,161,Released,False,1,"[""Fantasy"", ""Adventure"", ""Action""]","[""NZ"", ""US""]",3,1,72,191
9902,Wrong Turn,en,2003-05-30,13.3267,6.385,2972,12600000,28650575,84,Released,False,1,"[""Horror"", ""Thriller""]","[""DE"", ""US""]",5,1,35,245
73861,A Serbian Film,sr,2010-01-06,13.4827,5.439,2197,0,0,104,Released,False,0,"[""Crime"", ""Horror"", ""Thriller""]","[""RS""]",1,1,33,318
146233,Prisoners,en,2013-09-19,13.4805,8.103,12958,46000000,122127446,153,Released,False,0,"[""Drama"", ""Thriller"", ""Crime""]","[""US""]",3,1,21,261
2447,The Nativity Story,en,2006-11-30,13.4782,6.921,254,35000000,46400000,101,Released,False,0,"[""Drama""]","[""US""]",3,2,33,327
500,Reservoir Dogs,en,1992-09-02,12.946,8.115,15368,1200000,2859750,99,Released,False,0,"[""Crime"", ""Thriller""]","[""US""]",2,1,22,276
242582,Nightcrawler,en,2014-10-23,12.2215,7.709,11648,8500000,47425835,118,Released,False,0,"[""Crime"", ""Drama"", ""Thriller""]","[""US""]",2,1,35,225
539,Psycho,en,1960-06-22,13.4653,8.415,10934,1999,2007,109,Released,False,1,"[""Horror"", ""Thriller"", ""Mystery""]","[""US""]",1,1,34,216
176,Saw,en,2004-10-01,13.4634,7.42,9989,1200000,104045735,103,Released,False,1,"[""Horror"", ""Mystery"", ""Crime""]","[""US""]",3,1,44,357
185,A Clockwork Orange,en,1971-10-28,13.4626,8.179,13755,2200000,27033812,137,Released,False,0,"[""Science Fiction"", ""Crime""]","[""GB"", ""US""]",3,1,101,426
138832,We're the Millers,en,2013-08-07,13.4498,6.84,9409,37000000,270000000,110,Released,False,0,"[""Comedy"", ""Crime""]","[""GB"", ""US""]",6,1,15,121
10020,Beauty and the Beast,en,1991-10-22,12.9864,7.726,10619,25000000,424967620,84,Released,False,1,"[""Romance"", ""Family"", ""Animation"", ""Fantasy""]","[""US""]",3,2,40,276
9820,The Parent Trap,en,1998-07-28,10.9604,7.209,4489,15000000,92108518,128,Released,False,0,"[""Comedy"", ""Family"", ""Romance""]","[""US""]",2,4,34,340
1368,First Blood,en,1982-10-22,13.3721,7.505,6843,15000000,125212904,93,Released,False,1,"[""Action"", ""Adventure"", ""Thriller"", ""War""]","[""US"", ""AN""]",3,1,37,195
630,The Wizard of Oz,en,1939-08-15,13.3388,7.585,6080,2777000,33754967,102,Released,False,0,"[""Adventure"", ""Fantasy"", ""Family""]","[""US""]",1,1,56,307
6479,I Am Legend,en,2007-12-12,12.0804,7.21,16739,150000000,585410052,101,Released,False,1,"[""Drama"", ""Science Fiction"", ""Thriller""]","[""US"", ""GB""]",6,1,35,375
12155,Alice in Wonderland,en,2010-03-03,13.3111,6.639,14732,200000000,1025467110,108,Released,False,1,"[""Family"", ""Fantasy"", ""Adventure""]","[""US""]",5,1,40,139
9769,Lolita,en,1997-09-27,13.2859,7.108,1952,62000000,1100000,137,Released,False,0,"[""Drama"", ""Romance""]","[""FR"", ""US""]",2,1,64,261
27,9 Songs,en,2004-07-16,12.7396,5.5,573,1000000,1574623,70,Released,False,0,"[""Drama"", ""Music"", ""Romance""]","[""GB""]",1,1,56,408
110415,Snowpiercer,ko,2013-08-01,10.3581,6.909,10362,39200000,86758912,127,Released,False,0,"[""Action"", ""Science Fiction"", ""Drama""]","[""KR""]",4,4,28,203
9361,The Last of the Mohicans,en,1992-08-26,13.2221,7.386,3392,40000000,75505856,112,Released,False,0,"[""Action"", ""History"", ""Romance"", ""War""]","[""US""]",1,2,109,291
10198,The Princess and the Frog,en,2009-12-08,12.1623,7.214,6074,105000000,270997378,98,Released,False,0,"[""Animation"", ""Romance"", ""Fantasy"", ""Family""]","[""US""]",1,2,38,192
10193,Toy Story 3,en,2010-06-16,13.1509,7.804,15641,200000000,1067316101,102,Released,False,1,"[""Animation"", ""Family"", ""Comedy""]","[""US""]",1,2,24,247
36557,Casino Royale,en,2006-11-14,13.1406,7.569,11618,150000000,599045960,144,Released,False,1,"[""Adventure"", ""Action"", ""Thriller""]","[""GB"", ""US""]",4,2,50,440
10674,Mulan,en,1998-06-18,13.1273,7.901,10359,90000000,304320254,88,Released,False,1,"[""Animation"", ""Family"", ""Adventure""]","[""US""]",2,2,74,327
10494,Perfect Blue,ja,1998-02-28,13.0969,8.3,3144,3000000,683666,82,Released,False,0,"[""Animation"", ""Thriller""]","[""JP""]",6,1,27,310
1091,The Thing,en,1982-06-25,11.7369,8.1,7852,15000000,19629760,109,Released,False,1,"[""Horror"", ""Mystery"", ""Science Fiction""]","[""US""]",2,2,26,109
9470,Kung Fu Hustle,cn,2004-02-10,13.4966,7.489,3138,20000000,102034104,99,Released,False,0,"[""Action"", ""Comedy"", ""Crime"", ""Fantasy""]","[""CN"", ""HK""]",5,1,34,315
335,Once Upon a Time in the West,it,1968-12-21,13.0395,8.274,4863,5000000,5380118,166,Released,False,0,"[""Drama"", ""Western""]","[""IT"", ""US""]",3,1,88,183
1124,The Prestige,en,2006-10-19,13.0287,8.206,17471,40000000,109676311,130,Released,False,0,"[""Drama"", ""Mystery"", ""Science Fiction""]","[""GB"", ""US""]",4,1,25,186
170,28 Days Later,en,2002-10-31,12.9868,7.243,8405,8000000,82784517,113,Released,False,1,"[""Horror"", ""Thriller"", ""Science Fiction""]","[""GB""]",1,2,22,342
10591,The Girl Next Door,en,2004-04-09,13.5837,6.734,3970,21000000,31635150,110,Released,False,0,"[""Comedy"", ""Romance""]","[""CH"", ""US""]",4,1,53,346
621,Grease,en,1978-06-16,11.6926,7.37,7639,6000000,396271103,110,Released,False,1,"[""Romance"", ""Comedy""]","[""US"", ""GB""]",3,1,19,224
796,Cruel Intentions,en,1999-03-05,12.9111,6.8,3540,10500000,76347426,97,Released,False,1,"[""Drama"", ""Romance""]","[""US""]",3,1,69,268
162,Edward Scissorhands,en,1990-12-07,11.3044,7.7,13710,20000000,86024005,105,Released,False,0,"[""Fantasy"", ""Drama"", ""Romance""]","[""US""]",2,1,52,98
242,The Godfather Part III,en,1990-12-25,12.8003,7.4,6813,54000000,136766062,162,Released,False,1,"[""Crime"", ""Drama"", ""Thriller""]","[""US""]",2,4,44,196
854,The Mask,en,1994-07-29,12.8634,6.981,11177,23000000,351583407,101,Released,False,1,"[""Comedy"", ""Fantasy"", ""Crime"", ""Romance""]","[""US""]",2,2,18,187
85,Raiders of the Lost Ark,en,1981-06-12,12.7499,7.923,13558,18000000,389925971,115,Released,False,1,"[""Adventure"", ""Action""]","[""US""]",2,6,34,227
1422,The Departed,en,2006-10-04,14.2978,8.2,16088,90000000,291465000,151,Released,False,0,"[""Drama"", ""Thriller"", ""Crime""]","[""HK"", ""US""]",5,2,74,319
8392,My Neighbor Totoro,ja,1988-04-16,12.6494,8.062,8752,3700000,41000000,86,Released,False,0,"[""Fantasy"", ""Animation"", ""Family""]","[""JP""]",3,1,47,290
1891,The Empire Strikes Back,en,1980-05-20,12.6226,8.392,18300,18000000,538400000,124,Released,False,1,"[""Adventure"", ""Action"", ""Science Fiction""]","[""US""]",1,1,29,362
8363,Superbad,en,2007-08-17,12.6037,7.261,8013,20000000,170800000,113,Released,False,0,"[""Comedy""]","[""US""]",2,1,18,137
9836,Happy Feet,en,2006-11-16,10.9877,6.221,5432,100000000,384335608,108,Released,False,1,"[""Animation"", ""Comedy"", ""Family""]","[""AU"", ""US""]",4,2,20,153
18239,The Twilight Saga: New Moon,en,2009-11-18,12.4707,5.99,9705,50000000,709827462,131,Released,False,1,"[""Adventure"", ""Fantasy"", ""Drama"", ""Romance""]","[""US""]",5,2,43,328
102651,Maleficent,en,2014-05-28,12.4674,7.086,13668,180000000,758539785,97,Released,False,1,"[""Fantasy"", ""Adventure"", ""Action"", ""Family"", ""Romance""]","[""US""]",2,1,29,612
11013,Secretary,en,2002-09-20,12.5472,6.79,1882,4000000,9300000,111,Released,False,0,"[""Romance"", ""Drama"", ""Comedy""]","[""US""]",3,1,20,190
118,Charlie and the Chocolate Factory,en,2005-07-13,11.7796,7.037,16051,150000000,475000000,115,Released,False,0,"[""Adventure"", ""Comedy"", ""Family"", ""Fantasy""]","[""GB"", ""US""]",5,1,33,129
48650,Room in Rome,es,2010-05-07,12.4341,6.403,823,0,844281,109,Released,False,0,"[""Drama"", ""Romance""]","[""ES"", ""FR""]",4,5,48,178
14574,The Boy in the Striped Pyjamas,en,2008-05-07,12.4333,7.8,7615,12500000,20416563,94,Released,False,0,"[""Drama"", ""War"", ""History""]","[""GB"", ""US""]",3,2,44,377
10830,Matilda,en,1996-08-02,11.1629,7.172,4775,36000000,33500000,98,Released,False,0,"[""Comedy"", ""Family"", ""Fantasy""]","[""US""]",2,1,60,413
1402,The Pursuit of Happyness,en,2006-12-14,12.3272,7.885,10535,55000000,307077295,117,Released,False,0,"[""Drama""]","[""US""]",4,2,51,107
87,Indiana Jones and the Temple of Doom,en,1984-05-23,12.3079,7.3,10059,28000000,333000000,118,Released,False,1,"[""Adventure"", ""Action""]","[""US""]",2,3,52,204
82690,Wreck-It Ralph,en,2012-11-01,12.2788,7.4,13014,165000000,471222889,101,Released,False,1,"[""Family"", ""Animation"", ""Comedy"", ""Adventure""]","[""US""]",1,1,38,658
5175,Rush Hour 2,en,2001-08-03,12.2683,6.8,4554,90000000,347325802,90,Released,False,1,"[""Action"", ""Comedy"", ""Crime""]","[""US"", ""HK""]",3,3,28,563
665,Ben-Hur,en,1959-11-18,11.047,7.884,3116,15000000,164000000,212,Released,False,0,"[""History"", ""Drama"", ""Adventure""]","[""US""]",1,1,43,217
127585,X-Men: Days of Future Past,en,2014-05-15,12.1944,7.5,16175,250000000,748045700,132,Released,False,1,"[""Action"", ""Adventure"", ""Science Fiction""]","[""US""]",6,4,45,208
377,A Nightmare on Elm Street,en,1984-11-09,11.8138,7.344,5681,1800000,57004513,91,Released,False,1,"[""Horror""]","[""US"", ""GB""]",5,1,61,485
38055,Megamind,en,2010-10-28,11.7625,7.023,7424,130000000,321885765,96,Released,False,1,"[""Animation"", ""Action"", ""Comedy"", ""Family"", ""Science Fiction""]","[""US""]",2,1,41,228
9532,Final Destination,en,2000-03-17,12.1487,6.633,6611,23000000,112880294,98,Released,False,1,"[""Horror""]","[""US""]",3,2,65,159
954,Mission: Impossible,en,1996-05-22,12.1394,7.023,9914,80000000,457696391,111,Released,False,1,"[""Adventure"", ""Action"", ""Thriller""]","[""US""]",2,3,22,315
109418,Grown Ups 2,en,2013-07-11,12.1271,6.14,4633,80000000,247022278,101,Released,False,1,"[""Comedy""]","[""US""]",2,1,66,228
270946,Penguins of Madagascar,en,2014-11-22,12.0916,6.53,4441,132000000,373515621,92,Released,False,0,"[""Family"", ""Animation"", ""Adventure"", ""Comedy""]","[""US""]",2,1,43,174
161,Ocean's Eleven,en,2001-12-07,13.5768,7.458,12468,85000000,450717150,116,Released,False,1,"[""Thriller"", ""Crime""]","[""US""]",5,3,18,314
16859,Kiki's Delivery Service,ja,1989-07-29,11.6409,7.8,4532,6900000,4493017,103,Released,False,0,"[""Animation"", ""Family"", ""Fantasy""]","[""JP""]",4,1,39,164
1359,American Psycho,en,2000-04-13,12.0016,7.4,12195,7000000,34269748,102,Released,False,1,"[""Thriller"", ""Drama"", ""Crime""]","[""CA"", ""US""]",4,3,13,181
1366,Rocky,en,1976-12-03,11.9423,7.795,8558,1000000,117253345,120,Released,False,1,"[""Drama""]","[""US""]",1,3,41,284
76338,Thor: The Dark World,en,2013-10-30,11.4177,6.5,18250,170000000,644783140,112,Released,False,1,"[""Action"", ""Adventure"", ""Fantasy""]","[""US""]",1,1,24,372
754,Face/Off,en,1997-06-27,11.9116,7.054,5844,80000000,245700000,139,Released,False,0,"[""Action"", ""Crime"", ""Science Fiction""]","[""US""]",3,2,41,212
251,Ghost,en,1990-07-13,11.8538,7.232,5984,22000000,505000000,127,Released,False,0,"[""Fantasy"", ""Romance"", ""Thriller""]","[""US""]",2,1,73,131
11970,Hercules,en,1997-06-13,11.8453,7.49,7879,85000000,252712101,93,Released,False,1,"[""Animation"", ""Family"", ""Fantasy"", ""Adventure"", ""Comedy"", ""Romance""]","[""US""]",1,3,29,328
10192,Shrek Forever After,en,2010-05-20,10.6155,6.4,7898,165000000,752600867,93,Released,False,1,"[""Comedy"", ""Adventure"", ""Fantasy"", ""Animation"", ""Family""]","[""US""]",1,1,30,343
1271,300,en,2007-03-07,11.8304,7.197,14648,65000000,456082343,117,Released,False,1,"[""Action"", ""Adventure"", ""War""]","[""US""]",5,1,18,132
11216,Cinema Paradiso,it,1988-11-17,11.8126,8.426,4799,5000000,35962062,124,Released,False,0,"[""Drama"", ""Romance""]","[""IT"", ""FR""]",5,1,95,159
49530,In Time,en,2011-10-27,11.797,6.969,12085,40000000,173900000,109,Released,False,0,"[""Action"", ""Thriller"", ""Science Fiction""]","[""US""]",2,1,27,403
27578,The Expendables,en,2010-08-07,11.7839,6.3,8244,80000000,274470394,103,Released,False,1,"[""Thriller"", ""Adventure"", ""Action""]","[""US"", ""BG"", ""DE""]",5,2,19,488
64690,Drive,en,2011-09-15,11.7567,7.6,13535,15000000,79713640,100,Released,False,0,"[""Drama"", ""Thriller"", ""Crime""]","[""US""]",6,1,28,442
3558,"Girl, Interrupted",en,1999-12-21,11.7496,7.563,4123,40000000,48350205,127,Released,False,0,"[""Drama""]","[""US""]",2,1,60,451
18,The Fifth Element,fr,1997-05-02,11.7295,7.565,11609,90000000,263920180,126,Released,False,0,"[""Science Fiction"", ""Action"", ""Adventure""]","[""FR""]",1,3,30,145
6977,No Country for Old Men,en,2007-11-09,10.6231,7.951,13208,25000000,171627166,122,Released,False,0,"[""Crime"", ""Thriller"", ""Western""]","[""US""]",4,2,28,288
197,Braveheart,en,1995-05-24,11.706,7.9,11033,72000000,213216216,178,Released,False,1,"[""Action"", ""Drama"", ""History"", ""War""]","[""US""]",2,4,43,258
254,King Kong,en,2005-12-12,11.6843,6.888,8449,207000000,562363449,188,Released,False,0,"[""Adventure"", ""Drama"", ""Action""]","[""US"", ""NZ"", ""DE""]",4,1,31,216
453,A Beautiful Mind,en,2001-12-14,11.6672,7.854,11016,58000000,316791257,135,Released,False,0,"[""Drama"", ""Romance""]","[""US""]",3,1,53,492
137113,Edge of Tomorrow,en,2014-05-27,11.6654,7.637,14954,178000000,370541256,114,Released,False,0,"[""Action"", ""Science Fiction""]","[""US""]",5,1,18,371
5915,Into the Wild,en,2007-09-21,8.4453,7.798,10083,15000000,56255142,148,Released,False,0,"[""Adventure"", ""Drama""]","[""US""]",5,2,30,225
87428,That's My Boy,en,2012-06-14,11.6454,5.802,2139,70000000,57719093,116,Released,False,0,"[""Comedy""]","[""US""]",3,1,34,239
49529,John Carter,en,2012-03-07,10.2175,6.359,6052,263700000,284100000,132,Released,False,0,"[""Action"", ""Adventure"", ""Science Fiction""]","[""US""]",1,1,36,342
686,Contact,en,1997-07-11,11.6068,7.44,4949,90000000,171120329,150,Released,False,0,"[""Drama"", ""Science Fiction"", ""Mystery""]","[""US""]",2,3,44,265
2832,Identity,en,2003-04-25,11.5939,7.178,4306,28000000,90259536,90,Released,False,0,"[""Mystery"", ""Thriller""]","[""US""]",2,1,23,247
115,The Big Lebowski,en,1998-03-06,11.5742,7.84,12100,15000000,47010480,117,Released,False,0,"[""Comedy"", ""Crime""]","[""GB"", ""US""]",2,4,41,321
9737,Bad Boys,en,1995-04-07,11.5681,6.828,6906,19000000,141407024,119,Released,False,1,"[""Action"", ""Comedy"", ""Crime"", ""Thriller""]","[""US""]",2,1,17,337
1278,The Dreamers,en,2003-10-10,11.5361,7.179,3065,15000000,15100000,115,Released,False,0,"[""Drama"", ""Romance""]","[""FR"", ""IT"", ""GB"", ""US""]",7,2,62,203
57800,Ice Age: Continental Drift,en,2012-06-27,11.5278,6.383,8064,95000000,877244782,88,Released,False,1,"[""Animation"", ""Comedy"", ""Adventure"", ""Family""]","[""US""]",3,1,52,193
2034,Training Day,en,2001-10-05,11.5045,7.517,6533,45000000,104900000,122,Released,False,1,"[""Action"", ""Crime"", ""Drama""]","[""US""]",5,4,88,120
402,Basic Instinct,en,1992-03-20,11.5011,6.94,4338,49000000,352927224,128,Released,False,1,"[""Thriller"", ""Mystery""]","[""US"", ""FR""]",2,1,71,171
38575,The Karate Kid,en,2010-06-10,11.4941,6.565,6516,40000000,359126022,140,Released,False,1,"[""Action"", ""Adventure"", ""Drama"", ""Family""]","[""CN"", ""HK"", ""US""]",5,2,59,590
13475,Star Trek,en,2009-05-06,11.4797,7.429,10437,150000000,386839614,127,Released,False,1,"[""Science Fiction"", ""Action"", ""Adventure""]","[""US""]",3,1,18,454
4248,Scary Movie 2,en,2001-07-04,11.475,5.814,5109,45000000,141220678,82,Released,False,1,"[""Comedy""]","[""US""]",4,1,66,231
82693,Silver Linings Playbook,en,2012-11-16,11.4511,7.15,12601,21000000,236412453,122,Released,False,0,"[""Drama"", ""Comedy"", ""Romance""]","[""US""]",1,1,20,423
787,Mr. & Mrs. Smith,en,2005-06-07,11.4352,6.691,11151,110000000,487287646,120,Released,False,0,"[""Action"", ""Comedy"", ""Drama"", ""Thriller""]","[""CH"", ""US""]",5,2,22,187
50620,The Twilight Saga: Breaking Dawn - Part 2,en,2012-11-13,11.8148,6.457,9336,120000000,829747654,115,Released,False,1,"[""Fantasy"", ""Drama"", ""Romance""]","[""US""]",3,1,39,167
10191,How to Train Your Dragon,en,2010-03-18,11.4077,7.857,14281,165000000,495141736,98,Released,False,1,"[""Fantasy"", ""Adventure"", ""Animation"", ""Family""]","[""US""]",1,1,53,353
101299,The Hunger Games: Catching Fire,en,2013-11-15,11.3825,7.4,18355,130000000,865011746,146,Released,False,1,"[""Adventure"", ""Action"", ""Science Fiction""]","[""US""]",2,1,26,311
2501,The Bourne Identity,en,2002-06-14,11.3488,7.474,10022,60000000,214034224,119,Released,False,1,"[""Action"", ""Drama"", ""Mystery"", ""Thriller""]","[""US"", ""DE"", ""CZ""]",5,5,53,363
120467,The Grand Budapest Hotel,en,2014-02-26,11.3333,8.03,15989,30000000,174600318,100,Released,False,0,"[""Comedy"", ""Drama""]","[""US"", ""DE""]",5,2,107,400
604,The Matrix Reloaded,en,2003-05-15,11.3119,7.072,11871,150000000,738599701,138,Released,False,1,"[""Adventure"", ""Action"", ""Thriller"", ""Science Fiction""]","[""US""]",3,2,15,322
165,Back to the Future Part II,en,1989-11-22,11.2924,7.778,13843,40000000,332000000,108,Released,False,1,"[""Adventure"", ""Comedy"", ""Science Fiction""]","[""US""]",2,1,36,320
73,American History X,en,1998-07-01,12.7012,8.327,12493,20000000,23900000,119,Released,False,0,"[""Drama""]","[""US""]",3,1,23,503
567,Rear Window,en,1954-08-01,11.2629,8.341,7110,1000000,37042336,112,Released,False,0,"[""Thriller"", ""Mystery"", ""Drama""]","[""US""]",1,1,53,136
8835,Legally Blonde,en,2001-07-13,11.2117,6.805,4501,18000000,141778365,96,Released,False,1,"[""Comedy""]","[""US""]",2,2,38,337
184315,Hercules,en,2014-07-23,10.0563,5.799,4319,100000000,244819862,98,Released,False,0,"[""Action"", ""Adventure""]","[""US""]",4,1,37,128
2048,"I, Robot",en,2004-07-15,11.139,6.961,12580,120000000,347234916,115,Released,False,0,"[""Action"", ""Science Fiction""]","[""US"", ""DE"", ""CA""]",6,1,22,260
9072,Little Man,en,2006-08-31,10.8653,5.935,1879,64000000,104003322,98,Released,False,0,"[""Comedy"", ""Crime""]","[""US""]",2,1,34,575
616,The Last Samurai,en,2003-12-05,11.1185,7.603,7482,140000000,456800000,154,Released,False,0,"[""Drama"", ""Action"", ""War""]","[""US""]",4,2,77,370
50546,Just Go with It,en,2011-02-10,11.6584,6.703,6086,80000000,214945591,117,Released,False,0,"[""Comedy"", ""Romance""]","[""US""]",2,1,43,340
124905,Godzilla,en,2014-05-14,11.0842,6.353,9718,160000000,524978362,123,Released,False,1,"[""Action"", ""Drama"", ""Science Fiction""]","[""US""]",1,3,32,453
19185,Night of the Living Dead,en,1990-10-19,7.7712,6.855,937,4200000,5835247,88,Released,False,0,"[""Horror""]","[""US""]",2,1,33,143
119450,Dawn of the Planet of the Apes,en,2014-07-08,11.0628,7.3,12169,170000000,710644566,130,Released,False,1,"[""Science Fiction"", ""Action"", ""Drama"", ""Thriller""]","[""GB"", ""US""]",4,1,33,200
15512,Monsters vs Aliens,en,2009-03-19,11.0098,6.243,4929,175000000,381509870,94,Released,False,0,"[""Animation"", ""Family"", ""Adventure"", ""Science Fiction""]","[""US""]",1,1,31,333
93456,Despicable Me 2,en,2013-06-26,10.9977,6.944,11952,76000000,970766005,98,Released,False,1,"[""Animation"", ""Comedy"", ""Family""]","[""US""]",2,2,30,92
91314,Transformers: Age of Extinction,en,2014-06-25,10.9922,5.958,8697,210000000,1104054072,165,Released,False,1,"[""Science Fiction"", ""Action"", ""Adventure""]","[""US""]",5,2,33,316
28468,The Key,it,1983-10-19,10.9859,5.982,435,0,0,110,Released,False,0,"[""Drama"", ""Romance""]","[""IT""]",3,1,80,252
49444,Kung Fu Panda 2,en,2011-05-25,10.9686,7.059,7832,150000000,665692281,91,Released,False,1,"[""Animation"", ""Family"", ""Comedy""]","[""US""]",1,1,39,441
600,Full Metal Jacket,en,1987-06-26,10.9659,8.118,11376,30000000,46357676,117,Released,False,0,"[""Drama"", ""War""]","[""GB"", ""US""]",3,2,44,180
9802,The Rock,en,1996-06-07,10.9572,7.1,5161,75000000,335062621,137,Released,False,0,"[""Action"", ""Adventure"", ""Thriller""]","[""US""]",3,1,97,314
63,Twelve Monkeys,en,1995-12-29,10.951,7.605,9063,29000000,168841459,129,Released,False,0,"[""Science Fiction"", ""Thriller"", ""Mystery""]","[""US""]",4,2,22,536
8681,Taken,en,2008-02-18,9.7931,7.402,12024,25000000,226830568,94,Released,False,1,"[""Action"", ""Thriller""]","[""FR"", ""US""]",5,4,47,536
76493,The Dictator,en,2012-05-15,10.8742,6.223,6398,65000000,179379533,83,Released,False,0,"[""Comedy""]","[""US""]",4,2,21,132
563,Starship Troopers,en,1997-11-07,9.0287,7.1,5438,105000000,121214377,129,Released,False,1,"[""Adventure"", ""Action"", ""Thriller"", ""Science Fiction""]","[""US""]",4,1,39,315
8355,Ice Age: Dawn of the Dinosaurs,en,2009-06-26,11.9046,6.763,8819,90000000,886686817,94,Released,False,1,"[""Animation"", ""Comedy"", ""Family"", ""Adventure""]","[""US""]",3,1,26,226
770,Gone with the Wind,en,1939-12-15,10.8319,7.9,4359,4000000,402352579,233,Released,False,0,"[""Drama"", ""War"", ""Romance""]","[""US""]",2,1,33,159
57214,Project X,en,2012-03-01,10.4918,6.884,6760,12000000,102731865,88,Released,False,0,"[""Comedy""]","[""US""]",2,1,36,154
7512,Idiocracy,en,2006-09-01,10.8078,6.367,3510,30000000,495303,84,Released,False,0,"[""Comedy"", ""Science Fiction"", ""Adventure""]","[""US""]",2,1,39,311
408,Snow White and the Seven Dwarfs,en,1938-01-14,10.8063,7.122,7956,1488423,184925486,83,Released,False,0,"[""Fantasy"", ""Animation"", ""Family""]","[""US""]",1,1,62,256
260346,Taken 3,en,2014-12-16,9.6099,6.26,6104,48000000,325800000,109,Released,False,1,"[""Thriller"", ""Action""]","[""FR"", ""US"", ""ES""]",5,1,12,278
1954,The Butterfly Effect,en,2004-01-17,10.7496,7.575,8171,13000000,96800000,113,Released,False,1,"[""Science Fiction"", ""Thriller""]","[""CA"", ""US""]",4,1,36,257
11544,Lilo & Stitch,en,2002-06-21,10.2404,7.558,7047,80000000,273144151,85,Released,False,1,"[""Animation"", ""Family"", ""Comedy""]","[""US""]",1,1,28,274
11247,A Cinderella Story,en,2004-07-16,10.3782,6.589,3364,19000000,70067909,95,Released,False,1,"[""Comedy"", ""Family"", ""Romance""]","[""US""]",4,3,40,173
1018,Mulholland Drive,en,2001-06-06,9.9532,7.802,6981,15000000,20289986,147,Released,False,0,"[""Thriller"", ""Drama"", ""Mystery""]","[""FR"", ""US""]",4,2,112,276
11423,Memories of Murder,ko,2003-04-25,10.6973,8.056,4532,2800000,26000000,131,Released,False,0,"[""Crime"", ""Drama"", ""Thriller""]","[""KR""]",3,2,48,292
37799,The Social Network,en,2010-10-01,9.5407,7.372,13081,40000000,224920315,121,Released,False,1,"[""Drama""]","[""US""]",5,1,66,395
55779,Final Destination 5,en,2011-08-12,10.6823,6.152,4051,40000000,157887643,91,Released,False,1,"[""Horror"", ""Mystery""]","[""US""]",3,2,28,354
49018,Insidious,en,2011-03-31,10.4798,6.941,7272,1500000,100106454,102,Released,False,1,"[""Horror"", ""Thriller""]","[""CA"", ""US""]",4,1,34,227
44214,Black Swan,en,2010-12-03,10.6566,7.685,15479,13000000,329398046,108,Released,False,0,"[""Drama"", ""Thriller"", ""Horror""]","[""US""]",5,3,0,427
393,Kill Bill: Vol. 2,en,2004-04-16,10.6493,7.877,14980,30000000,152159461,136,Released,False,1,"[""Action"", ""Crime"", ""Thriller""]","[""US""]",3,4,36,295
107,Snatch,en,2000-09-01,10.6326,7.82,9912,100000000,83557872,103,Released,False,0,"[""Crime"", ""Comedy""]","[""GB""]",1,2,35,176
10009,Brother Bear,en,2003-10-23,9.5201,7.272,5723,128000000,250397798,85,Released,False,1,"[""Adventure"", ""Animation"", ""Family""]","[""US""]",1,3,98,351
2251,Unfaithful,en,2002-05-10,10.5867,6.681,1698,50000000,119137784,124,Released,False,0,"[""Thriller"", ""Drama"", ""Romance""]","[""US"", ""CH"", ""DE""]",4,2,41,106
74,War of the Worlds,en,2005-06-28,8.7349,6.536,9107,132000000,603873119,117,Released,False,0,"[""Adventure"", ""Thriller"", ""Science Fiction""]","[""US""]",4,1,21,232
747,Shaun of the Dead,en,2004-04-09,10.5676,7.542,9270,6000000,39396175,99,Released,False,0,"[""Horror"", ""Comedy""]","[""GB""]",2,1,32,244
61791,Rise of the Planet of the Apes,en,2011-08-03,10.5655,7.341,12685,93000000,481800873,105,Released,False,1,"[""Thriller"", ""Action"", ""Drama"", ""Science Fiction""]","[""GB"", ""US""]",5,1,29,221
5236,Kiss Kiss Bang Bang,en,2005-09-14,8.896,7.159,2986,15000000,15785148,103,Released,False,0,"[""Comedy"", ""Crime"", ""Mystery"", ""Thriller""]","[""US""]",2,1,43,244
82702,How to Train Your Dragon 2,en,2014-06-05,10.5235,7.68,10365,145000000,621537519,102,Released,False,1,"[""Fantasy"", ""Action"", ""Adventure"", ""Animation"", ""Family""]","[""US""]",1,1,0,542
14,American Beauty,en,1999-09-15,10.5132,8.0,12971,15000000,356296601,122,Released,False,0,"[""Drama""]","[""US""]",2,1,15,175
1949,Zodiac,en,2007-03-02,10.2739,7.529,11478,65000000,84785914,157,Released,False,0,"[""Crime"", ""Mystery"", ""Thriller""]","[""US""]",3,1,56,420
819,Sleepers,en,1996-10-18,10.4933,7.6,3825,44000000,165600000,147,Released,False,0,"[""Crime"", ""Drama"", ""Thriller""]","[""US""]",2,1,70,183
1895,Star Wars: Episode III - Revenge of the Sith,en,2005-05-17,10.4931,7.463,14846,113000000,850000000,140,Released,False,1,"[""Adventure"", ""Action"", ""Science Fiction""]","[""US""]",1,1,72,194
9509,Man on Fire,en,2004-04-23,10.4872,7.46,5623,70000000,130300000,146,Released,False,0,"[""Action"", ""Drama"", ""Thriller""]","[""CH"", ""GB"", ""US"", ""MX""]",7,2,64,248
602,Independence Day,en,1996-06-25,10.4769,6.903,10347,75000000,817400891,145,Released,False,1,"[""Action"", ""Adventure"", ""Science Fiction""]","[""US""]",2,1,78,407
34851,Predators,en,2010-07-07,10.4473,6.297,4580,40000000,127233108,107,Released,False,1,"[""Science Fiction"", ""Action"", ""Thriller""]","[""US""]",4,3,78,118
1364,Sex and Lucía,es,2001-08-24,10.4439,6.664,620,0,7640680,128,Released,False,0,"[""Drama"", ""Romance""]","[""ES""]",2,2,0,136
37135,Tarzan,en,1999-06-17,10.4395,7.396,7284,130000000,448200000,88,Released,False,1,"[""Animation"", ""Family"", ""Adventure""]","[""US""]",3,1,43,287
137,Groundhog Day,en,1993-02-11,9.222,7.628,8829,14600000,71108778,101,Released,False,0,"[""Romance"", ""Fantasy"", ""Comedy""]","[""US""]",1,3,59,218
11631,Mamma Mia!,en,2008-07-03,10.4196,6.972,6957,52000000,609841637,108,Released,False,1,"[""Comedy"", ""Romance""]","[""DE"", ""GB"", ""US""]",3,2,88,204
524,Casino,en,1995-11-22,9.6812,7.995,6490,50000000,116112375,179,Released,False,0,"[""Crime"", ""Drama""]","[""FR"", ""US""]",4,1,32,144
18491,Neon Genesis Evangelion: The End of Evangelion,ja,1997-07-19,10.4136,8.3,1834,0,20563523,87,Released,False,1,"[""Animation"", ""Science Fiction"", ""Drama"", ""Fantasy""]","[""JP""]",8,1,51,237
941,Lethal Weapon,en,1987-03-06,10.4123,7.29,5005,15000000,120207127,110,Released,False,1,"[""Action"", ""Thriller"", ""Crime""]","[""US""]",2,1,80,165
255709,Hope,ko,2013-10-02,10.162,8.385,837,0,0,122,Released,False,0,"[""Drama""]","[""KR""]",3,1,34,145
9277,The Sting,en,1973-12-25,8.7436,8.016,2944,5500000,159616327,129,Released,False,1,"[""Comedy"", ""Crime"", ""Drama""]","[""US""]",3,1,39,178
792,Platoon,en,1986-12-19,8.8444,7.7,5066,6000000,138530565,120,Released,False,0,"[""Drama"", ""War"", ""Action""]","[""GB"", ""US""]",2,2,39,138
601,E.T. the Extra-Terrestrial,en,1982-06-11,10.3523,7.513,11940,10500000,797307407,115,Released,False,0,"[""Science Fiction"", ""Adventure"", ""Family"", ""Fantasy""]","[""US""]",2,1,73,301
70981,Prometheus,en,2012-05-30,10.3324,6.594,13183,130000000,403354469,124,Released,False,1,"[""Science Fiction"", ""Mystery"", ""Horror""]","[""US"", ""GB""]",4,2,51,218
4327,Charlie's Angels,en,2000-11-02,10.3274,5.852,4484,92000000,264105545,98,Released,False,1,"[""Action"", ""Comedy"", ""Adventure""]","[""US""]",4,5,16,355
588,Silent Hill,en,2006-04-21,9.9564,6.623,4828,50000000,100605135,125,Released,False,1,"[""Horror"", ""Mystery""]","[""CA"", ""FR"", ""JP""]",3,1,25,334
64682,The Great Gatsby,en,2013-05-09,10.2883,7.352,12902,105000000,351040419,143,Released,False,0,"[""Drama"", ""Romance""]","[""US"", ""AU""]",5,1,18,295
810,Shrek the Third,en,2007-05-17,10.2525,6.305,9726,160000000,813367380,93,Released,False,1,"[""Fantasy"", ""Adventure"", ""Animation"", ""Comedy"", ""Family""]","[""US""]",2,1,32,269
10527,Madagascar: Escape 2 Africa,en,2008-10-30,10.243,6.523,7389,150000000,603900354,89,Released,False,1,"[""Adventure"", ""Animation"", ""Comedy"", ""Family""]","[""US""]",2,1,27,410
1643,Last Tango in Paris,it,1972-12-15,10.2389,6.903,1335,1250000,36182181,129,Released,False,0,"[""Drama"", ""Romance""]","[""FR"", ""IT""]",2,2,113,96
562,Die Hard,en,1988-07-15,10.235,7.809,12200,28000000,140767956,132,Released,False,1,"[""Action"", ""Thriller""]","[""US""]",3,3,30,347
36647,Blade,en,1998-08-21,10.6536,6.828,6644,45000000,131183530,121,Released,False,1,"[""Horror"", ""Action""]","[""US""]",3,2,64,141
46195,Rio,en,2011-04-03,10.2256,6.8,7134,90000000,483866772,96,Released,False,1,"[""Animation"", ""Adventure"", ""Comedy"", ""Family""]","[""US""]",2,2,81,441
13448,Angels & Demons,en,2009-04-20,10.2041,6.718,7285,150000000,485930816,139,Released,False,1,"[""Thriller"", ""Mystery""]","[""IT"", ""US""]",5,6,56,225
74997,The Human Centipede 2 (Full Sequence),en,2011-10-06,9.0045,4.756,1438,0,170323,91,Released,False,1,"[""Drama"", ""Horror"", ""Crime""]","[""NL""]",2,1,26,143
297,Meet Joe Black,en,1998-11-12,10.1789,7.357,5703,90000000,142940100,178,Released,False,0,"[""Fantasy"", ""Drama"", ""Romance""]","[""US""]",2,2,30,354
10882,Sleeping Beauty,en,1959-02-17,10.1755,6.94,5450,6000000,51600000,75,Released,False,0,"[""Fantasy"", ""Animation"", ""Romance"", ""Family""]","[""US""]",1,1,29,239
926,Galaxy Quest,en,1999-12-25,7.4161,7.079,2497,45000000,90683916,102,Released,False,0,"[""Comedy"", ""Science Fiction"", ""Adventure""]","[""US""]",2,1,33,526
75780,Jack Reacher,en,2012-12-20,9.3777,6.66,7581,60000000,218300000,130,Released,False,1,"[""Crime"", ""Drama"", ""Thriller"", ""Action""]","[""US""]",3,1,32,615
95,Armageddon,en,1998-07-01,10.1478,6.829,8521,140000000,553799566,151,Released,False,0,"[""Action"", ""Thriller"", ""Science Fiction"", ""Adventure""]","[""US""]",3,2,33,433
10693,Peter Pan,en,1953-02-05,10.1406,7.187,5716,4000000,87400000,77,Released,False,1,"[""Animation"", ""Family"", ""Adventure"", ""Fantasy""]","[""US""]",1,1,35,242
1635,The Island,en,2005-07-21,8.5165,6.692,5840,126000000,162949164,136,Released,False,0,"[""Action"", ""Thriller"", ""Science Fiction"", ""Adventure""]","[""US""]",4,1,22,339
7345,There Will Be Blood,en,2007-12-26,10.1224,8.076,7373,25000000,77208711,158,Released,False,0,"[""Drama""]","[""US""]",4,1,45,384
8467,Dumb and Dumber,en,1994-12-16,10.1182,6.651,6672,16000000,247275374,107,Released,False,1,"[""Comedy""]","[""US""]",2,1,47,362
38321,Priest,en,2011-05-05,10.1146,5.857,2497,60000000,84154026,87,Released,False,0,"[""Action"", ""Fantasy"", ""Horror""]","[""US""]",5,3,54,405
19173,Diary of a Nymphomaniac,es,2008-10-17,10.1055,5.636,361,0,0,102,Released,False,0,"[""Drama"", ""Romance""]","[""ES""]",2,1,0,136
61979,Three Steps Above Heaven,es,2010-12-03,10.0817,7.724,3209,0,0,122,Released,False,1,"[""Romance"", ""Drama""]","[""ES""]",4,1,16,176
9426,The Fly,en,1986-08-15,10.0501,7.43,4931,15000000,60629159,96,Released,False,1,"[""Horror"", ""Science Fiction""]","[""CA"", ""US""]",2,1,26,219
6145,Fracture,en,2007-04-19,10.0357,7.26,4283,10000000,91354215,113,Released,False,0,"[""Thriller""]","[""DE"", ""US""]",4,1,27,319
44896,Rango,en,2011-03-02,10.0354,6.892,7041,135000000,245724603,107,Released,False,0,"[""Animation"", ""Comedy"", ""Family"", ""Western"", ""Adventure""]","[""US""]",4,1,37,374
76,Before Sunrise,en,1995-01-27,10.0272,7.973,4646,2500000,5987386,101,Released,False,1,"[""Drama"", ""Romance""]","[""AT"", ""US""]",3,3,58,286
301,Rio Bravo,en,1959-03-08,10.0199,7.806,1258,1200000,5750000,141,Released,False,0,"[""Western"", ""Drama""]","[""US""]",2,2,108,174
587,Big Fish,en,2003-12-10,10.0168,7.757,7720,70000000,123200000,125,Released,False,0,"[""Adventure"", ""Fantasy"", ""Drama""]","[""US""]",4,1,35,308
581,Dances with Wolves,en,1990-03-30,10.0121,7.837,4653,22000000,424208848,181,Released,False,0,"[""Adventure"", ""Drama"", ""Western""]","[""GB"", ""US""]",3,1,55,238
4011,Beetlejuice,en,1988-03-30,9.4419,7.367,8397,15000000,84554197,92,Released,False,1,"[""Fantasy"", ""Comedy""]","[""US""]",2,1,71,129
782,Gattaca,en,1997-07-09,9.9987,7.564,6878,36000000,12532777,107,Released,False,0,"[""Thriller"", ""Science Fiction"", ""Mystery"", ""Romance""]","[""US""]",2,2,38,253
752,V for Vendetta,en,2006-02-23,9.9979,7.899,15480,54000000,134686457,132,Released,False,0,"[""Action"", ""Thriller"", ""Science Fiction""]","[""DE"", ""GB"", ""US""]",6,1,95,312
13186,Wrong Turn 2: Dead End,en,2007-08-25,10.5591,6.135,1524,4000000,0,97,Released,False,1,"[""Horror"", ""Thriller""]","[""DE"", ""US""]",3,1,12,332
149,Akira,ja,1988-06-10,9.195,7.9,4731,5700000,49000000,124,Released,False,0,"[""Animation"", ""Science Fiction"", ""Action""]","[""JP""]",8,1,36,173
37265,All Ladies Do It,it,1992-02-21,9.9828,5.0,421,0,0,93,Released,False,0,"[""Comedy"", ""Drama""]","[""IT""]",2,1,68,137
1250,Ghost Rider,en,2007-01-15,9.4189,5.593,6410,110000000,228738393,114,Released,False,1,"[""Thriller"", ""Action"", ""Fantasy""]","[""US""]",5,1,49,376
14001,Dead Silence,en,2007-03-16,9.9576,6.446,2430,20000000,22382047,89,Released,False,0,"[""Horror""]","[""US""]",3,1,20,384
1573,Die Hard 2,en,1990-07-03,9.9572,6.97,6362,70000000,240031094,124,Released,False,1,"[""Action"", ""Thriller""]","[""US""]",3,2,11,626
861,Total Recall,en,1990-06-01,9.954,7.317,6413,65000000,261317921,113,Released,False,0,"[""Action"", ""Adventure"", ""Science Fiction""]","[""US""]",2,1,43,299
1089,Point Break,en,1991-07-12,8.3158,7.155,3944,24000000,83531958,122,Released,False,0,"[""Action"", ""Thriller"", ""Crime""]","[""US""]",2,1,21,324
41446,Scream 4,en,2011-04-13,9.9506,6.5,4141,40000000,97231420,111,Released,False,1,"[""Horror"", ""Mystery""]","[""US""]",3,1,22,203
1562,28 Weeks Later,en,2007-04-26,9.9432,6.606,5500,15000000,72304846,99,Released,False,1,"[""Horror"", ""Thriller"", ""Science Fiction""]","[""GB"", ""ES"", ""US""]",6,1,26,394
8358,Cast Away,en,2000-12-22,9.9295,7.662,12197,90000000,429632142,143,Released,False,0,"[""Adventure"", ""Drama""]","[""US""]",4,2,45,338
114,Pretty Woman,en,1990-03-23,9.9195,7.447,8936,14000000,463406268,120,Released,False,0,"[""Romance"", ""Comedy""]","[""US""]",3,1,61,314
28178,Hachi: A Dog's Tale,en,2009-06-08,9.7792,8.006,7141,16000000,46800000,93,Released,False,0,"[""Drama"", ""Family""]","[""GB"", ""US""]",6,2,49,236
9738,Fantastic Four,en,2005-06-29,9.8931,5.804,9937,100000000,333535934,106,Released,False,1,"[""Action"", ""Fantasy"", ""Science Fiction""]","[""DE"", ""US""]",6,1,65,353
1893,Star Wars: Episode I - The Phantom Menace,en,1999-05-19,9.8416,6.572,15732,115000000,924317558,136,Released,False,1,"[""Adventure"", ""Action"", ""Science Fiction""]","[""US""]",1,1,27,171
871,Planet of the Apes,en,1968-02-07,9.8306,7.649,3927,5800000,32589624,112,Released,False,1,"[""Science Fiction"", ""Adventure"", ""Drama"", ""Action""]","[""US""]",2,1,67,232
87827,Life of Pi,en,2012-11-20,9.8171,7.407,13710,120000000,609016565,127,Released,False,0,"[""Adventure"", ""Drama""]","[""US""]",6,5,31,193
118340,Guardians of the Galaxy,en,2014-07-30,9.8131,7.904,29578,170000000,772776600,121,Released,False,1,"[""Action"", ""Science Fiction"", ""Adventure""]","[""US""]",1,1,44,164
2493,The Princess Bride,en,1987-09-25,10.0812,7.695,5052,16000000,30900000,99,Released,False,0,"[""Adventure"", ""Family"", ""Fantasy"", ""Comedy"", ""Romance""]","[""US""]",3,1,45,296
24021,The Twilight Saga: Eclipse,en,2010-06-23,9.7751,6.195,9213,68000000,698491347,124,Released,False,1,"[""Adventure"", ""Fantasy"", ""Drama"", ""Romance""]","[""US""]",5,1,31,484
1771,Captain America: The First Avenger,en,2011-07-22,9.7735,7.005,22634,140000000,370569774,124,Released,False,1,"[""Action"", ""Adventure"", ""Science Fiction""]","[""US""]",2,3,35,330
414419,Kill Bill: The Whole Bloody Affair,en,2011-03-27,9.7515,8.1,1225,60000000,8499753,253,Released,False,0,"[""Action"", ""Crime""]","[""US""]",3,5,77,449
6844,The Ten Commandments,en,1956-10-05,9.7468,7.771,1839,13000000,122700000,220,Released,False,0,"[""Drama"", ""History""]","[""US""]",2,1,45,226
51876,Limitless,en,2011-03-17,9.2764,7.197,11399,27000000,161900000,106,Released,False,0,"[""Thriller"", ""Mystery"", ""Science Fiction""]","[""US""]",6,5,48,239
23823,Wrong Turn 3: Left for Dead,en,2009-10-08,9.7016,5.695,1262,3000000,0,91,Released,False,1,"[""Horror"", ""Thriller""]","[""DE"", ""US"", ""BG""]",3,1,33,170
142,Brokeback Mountain,en,2005-10-22,9.696,7.8,7506,14000000,178043761,134,Released,False,0,"[""Drama"", ""Romance""]","[""CA"", ""US""]",3,1,26,192
4588,"Lust, Caution",zh,2007-09-24,9.6938,7.264,794,15000000,67100000,158,Released,False,0,"[""Action"", ""Drama"", ""Romance"", ""Thriller""]","[""CN"", ""HK"", ""TW"", ""US""]",6,4,76,133
4233,Scream 2,en,1997-12-12,9.6923,6.514,4689,24000000,172363301,120,Released,False,1,"[""Horror"", ""Mystery""]","[""US""]",3,1,57,158
91586,Insidious: Chapter 2,en,2013-09-12,9.6922,6.68,4536,5000000,161921515,106,Released,False,1,"[""Horror"", ""Thriller""]","[""US""]",4,1,32,137
32657,Percy Jackson & the Olympians: The Lightning Thief,en,2010-02-01,9.6901,6.212,7788,95000000,226497209,118,Released,False,1,"[""Adventure"", ""Fantasy"", ""Family""]","[""US""]",3,1,15,257
169,Predator 2,en,1990-11-21,9.3337,6.301,3793,35000000,57120318,108,Released,False,1,"[""Science Fiction"", ""Action"", ""Thriller""]","[""US""]",4,1,68,157
9487,A Bug's Life,en,1998-11-25,9.3985,6.974,9681,80000000,363258859,95,Released,False,0,"[""Family"", ""Animation"", ""Adventure"", ""Comedy""]","[""US""]",1,1,33,202
45243,The Hangover Part II,en,2011-05-25,9.6683,6.502,11218,80000000,586764305,102,Released,False,1,"[""Comedy""]","[""US""]",3,2,20,286
708,The Living Daylights,en,1987-06-29,9.6572,6.5,2010,40000000,191185897,130,Released,False,1,"[""Action"", ""Adventure"", ""Thriller""]","[""GB"", ""US""]",2,7,40,230
194,Amélie,fr,2001-04-25,9.2704,7.918,12335,10000000,173921954,122,Released,False,0,"[""Comedy"", ""Romance""]","[""FR"", ""DE""]",5,2,24,322
14537,Harakiri,ja,1962-09-15,9.6286,8.433,1189,0,0,135,Released,False,0,"[""Action"", ""Drama"", ""History""]","[""JP""]",1,1,57,568
2649,The Game,en,1997-09-12,9.6286,7.571,7275,50000000,109423648,129,Released,False,0,"[""Drama"", ""Thriller"", ""Mystery""]","[""US""]",2,3,50,385
608,Men in Black II,en,2002-07-03,9.6271,6.383,10594,140000000,445135288,88,Released,False,1,"[""Action"", ""Comedy"", ""Science Fiction""]","[""US""]",3,1,22,623
56292,Mission: Impossible - Ghost Protocol,en,2011-12-07,9.6114,7.111,10709,145000000,694713380,133,Released,False,1,"[""Action"", ""Thriller"", ""Adventure""]","[""US""]",4,5,30,523
75612,Oblivion,en,2013-04-10,9.3628,6.675,11434,120000000,286168572,124,Released,False,0,"[""Action"", ""Science Fiction"", ""Adventure"", ""Mystery""]","[""US""]",6,1,37,461
19912,The Final Destination,en,2009-08-26,9.5957,5.614,3872,40000000,187384627,82,Released,False,1,"[""Horror"", ""Mystery""]","[""US""]",4,1,15,140
5503,The Fugitive,en,1993-08-06,9.5912,7.476,4752,44000000,353808222,131,Released,False,1,"[""Action"", ""Thriller"", ""Drama""]","[""US""]",1,1,74,160
594,The Terminal,en,2004-06-17,9.5855,7.35,8635,60000000,219417255,128,Released,False,0,"[""Comedy"", ""Drama""]","[""US""]",3,5,16,123
4478,Indecent Proposal,en,1993-04-07,7.9457,6.397,1600,38000000,266614059,117,Released,False,0,"[""Romance"", ""Drama""]","[""US""]",1,1,45,121
664,Twister,en,1996-05-10,8.3008,6.6,3815,92000000,494471524,113,Released,False,1,"[""Action"", ""Adventure"", ""Drama""]","[""US""]",3,1,24,350
80321,Madagascar 3: Europe's Most Wanted,en,2012-06-06,9.5633,6.63,6526,145000000,746921274,93,Released,False,1,"[""Animation"", ""Family"", ""Comedy"", ""Adventure""]","[""US""]",2,1,36,372
89,Indiana Jones and the Last Crusade,en,1989-05-24,9.5551,7.85,11000,48000000,474171806,127,Released,False,1,"[""Adventure"", ""Action""]","[""US""]",2,4,60,625
765,Evil Dead II,en,1987-03-13,9.5543,7.544,3448,3500000,10900000,84,Released,False,1,"[""Horror"", ""Comedy"", ""Fantasy""]","[""US""]",3,1,25,269
622,The Ninth Gate,en,1999-08-25,9.544,6.486,3319,38000000,58401898,133,Released,False,0,"[""Mystery"", ""Thriller"", ""Horror""]","[""ES"", ""FR""]",8,5,33,208
117,The Untouchables,en,1987-06-03,8.195,7.755,6134,25000000,76270454,119,Released,False,0,"[""Crime"", ""History"", ""Thriller""]","[""US""]",2,1,28,169
646,Dr. No,en,1962-10-07,9.527,6.986,4019,1000000,59000000,110,Released,False,1,"[""Adventure"", ""Action"", ""Thriller""]","[""GB""]",2,2,61,277
157350,Divergent,en,2014-03-14,9.5188,6.904,13409,85000000,288885818,140,Released,False,1,"[""Action"", ""Adventure"", ""Science Fiction""]","[""US""]",2,1,45,276
1592,Primal Fear,en,1996-04-03,8.5976,7.656,3875,30000000,102616183,130,Released,False,0,"[""Crime"", ""Drama"", ""Mystery"", ""Thriller""]","[""US""]",2,2,69,418
38142,5 Centimeters per Second,ja,2007-03-03,9.4995,7.291,2137,5000000,548192,63,Released,False,0,"[""Animation"", ""Romance"", ""Drama""]","[""JP""]",1,1,43,227
620,Ghostbusters,en,1984-06-08,8.8322,7.5,9693,30000000,296640120,107,Released,False,1,"[""Comedy"", ""Fantasy""]","[""US""]",3,1,31,172
141,Donnie Darko,en,2001-01-19,9.4936,7.763,13336,4500000,7500000,114,Released,False,1,"[""Fantasy"", ""Drama"", ""Mystery""]","[""US""]",3,1,76,160
9016,Treasure Planet,en,2002-11-26,9.4906,7.563,4571,140000000,109578115,96,Released,False,0,"[""Science Fiction"", ""Adventure"", ""Animation"", ""Family"", ""Fantasy""]","[""US""]",1,1,32,222
914,The Great Dictator,en,1940-10-15,9.4894,8.28,3677,2000000,11000000,125,Released,False,0,"[""Comedy"", ""War""]","[""US""]",1,2,36,126
4982,American Gangster,en,2007-11-02,8.3282,7.589,5987,100000000,269755430,157,Released,False,0,"[""Drama"", ""Crime""]","[""US""]",5,1,42,275
5876,The Mist,en,2007-11-21,9.7454,6.943,5788,18000000,57470220,126,Released,False,0,"[""Horror"", ""Science Fiction"", ""Thriller""]","[""US""]",2,1,24,284
1369,Rambo: First Blood Part II,en,1985-05-21,9.485,6.659,4289,44000000,300400432,96,Released,False,1,"[""Action"", ""Adventure"", ""Thriller"", ""War""]","[""US"", ""MX"", ""AN""]",3,2,36,157
107846,Escape Plan,en,2013-10-09,9.4828,6.721,5555,50000000,137328301,115,Released,False,1,"[""Action"", ""Thriller""]","[""GB"", ""US""]",7,4,24,361
11688,The Emperor's New Groove,en,2000-12-15,11.5708,7.558,7248,100000000,169327687,78,Released,False,1,"[""Adventure"", ""Animation"", ""Comedy"", ""Family"", ""Fantasy""]","[""US""]",2,1,21,158
415,Batman & Robin,en,1997-06-20,9.4739,4.389,5375,125000000,238207122,125,Released,False,1,"[""Action"", ""Science Fiction"", ""Adventure""]","[""US"", ""GB""]",2,1,66,368
7518,Over the Hedge,en,2006-05-17,9.4552,6.591,4803,80000000,343397247,83,Released,False,0,"[""Adventure"", ""Animation"", ""Comedy"", ""Family""]","[""US""]",1,1,12,226
20526,TRON: Legacy,en,2010-12-14,8.551,6.54,7867,170000000,409912892,126,Released,False,1,"[""Adventure"", ""Action"", ""Science Fiction""]","[""US""]",2,1,21,249
50014,The Help,en,2011-08-09,9.4446,8.2,8964,25000000,216600000,146,Released,False,0,"[""Drama""]","[""US""]",2,1,29,635
37724,Skyfall,en,2012-10-24,9.4363,7.26,16059,200000000,1108594176,143,Released,False,1,"[""Action"", ""Adventure"", ""Thriller""]","[""GB"", ""US""]",3,1,19,348
966,The Magnificent Seven,en,1960-10-12,9.4325,7.504,1969,2000000,4905000,127,Released,False,1,"[""Western"", ""Action"", ""Adventure""]","[""US""]",2,2,51,88
10802,Showgirls,en,1995-09-22,9.4296,5.575,1371,45000000,20367472,131,Released,False,1,"[""Drama""]","[""US"", ""FR""]",5,1,65,330
65,8 Mile,en,2002-11-08,9.4261,7.142,7776,41000000,242875078,111,Released,False,0,"[""Drama"", ""Music""]","[""DE"", ""US""]",2,1,31,293
238636,The Purge: Anarchy,en,2014-07-17,9.417,6.627,6683,9000000,111928365,103,Released,False,1,"[""Horror"", ""Thriller""]","[""FR"", ""US""]",4,1,0,439
190859,American Sniper,en,2014-12-25,9.415,7.412,13588,58800000,542300000,133,Released,False,0,"[""War"", ""Action""]","[""US""]",6,1,39,473
1892,Return of the Jedi,en,1983-05-25,9.414,7.907,16839,32350000,572700000,132,Released,False,1,"[""Adventure"", ""Action"", ""Science Fiction""]","[""US""]",1,1,32,328
122906,About Time,en,2013-09-04,9.4088,7.906,9199,12000000,87100449,123,Released,False,0,"[""Drama"", ""Romance"", ""Fantasy""]","[""GB"", ""US""]",3,1,55,408
81188,Rise of the Guardians,en,2012-11-21,9.4016,7.4,7113,145000000,306941670,97,Released,False,0,"[""Animation"", ""Family"", ""Fantasy"", ""Action"", ""Adventure""]","[""US""]",1,2,19,218
12429,Ponyo,ja,2008-07-19,9.4635,7.8,4773,34000000,202404009,100,Released,False,0,"[""Animation"", ""Fantasy"", ""Family""]","[""JP""]",7,1,46,336
97,Tron,en,1982-07-09,7.3738,6.6,2722,17000000,33002371,96,Released,False,1,"[""Science Fiction"", ""Action"", ""Adventure""]","[""US""]",2,1,71,366
235,Stand by Me,en,1986-08-08,10.0822,7.8,6470,8000000,52289686,89,Released,False,0,"[""Crime"", ""Drama""]","[""US""]",1,1,124,379
205587,The Judge,en,2014-10-08,8.2244,7.331,4405,40000000,84419388,141,Released,False,0,"[""Drama""]","[""US""]",4,1,18,154
9358,Final Destination 2,en,2003-01-31,9.3399,6.304,4784,26000000,90941129,90,Released,False,1,"[""Horror"", ""Mystery""]","[""US""]",2,1,36,231
23168,The Town,en,2010-09-15,8.1926,7.218,5593,37000000,154026136,125,Released,False,0,"[""Crime"", ""Drama"", ""Thriller""]","[""US""]",4,1,47,362
879,Hook,en,1991-04-10,9.3071,6.839,5697,70000000,300854823,142,Released,False,0,"[""Adventure"", ""Fantasy"", ""Comedy"", ""Family""]","[""US""]",3,1,42,286
6312,Brotherhood of the Wolf,fr,2001-01-31,8.3148,6.724,1700,29000000,70800000,151,Released,False,0,"[""Adventure"", ""Horror"", ""Action"", ""History""]","[""FR""]",4,3,52,193
289,Casablanca,en,1943-01-15,8.7105,8.141,6007,878000,10462500,102,Released,False,0,"[""Drama"", ""Romance""]","[""US""]",1,4,40,123
9928,Robots,en,2005-03-10,9.2962,6.482,4883,75000000,262511490,90,Released,False,0,"[""Animation"", ""Comedy"", ""Family"", ""Science Fiction""]","[""US""]",3,1,34,232
44833,Battleship,en,2012-04-11,8.1225,5.883,5905,209000000,303025485,131,Released,False,0,"[""Thriller"", ""Action"", ""Adventure"", ""Science Fiction""]","[""JP"", ""US""]",5,2,35,539
1637,Speed,en,1994-06-09,8.2271,7.1,6790,30000000,350448145,116,Released,False,1,"[""Action"", ""Thriller""]","[""US""]",2,1,24,164
10555,Shark Tale,en,2004-09-20,9.2899,6.0,6675,75000000,367300000,90,Released,False,0,"[""Animation"", ""Action"", ""Comedy"", ""Family""]","[""US""]",1,1,46,303
6114,Bram Stoker's Dracula,en,1992-11-13,8.3748,7.448,5725,40000000,215862692,128,Released,False,0,"[""Romance"", ""Horror""]","[""US""]",3,5,16,338
10835,The Killer,cn,1989-03-24,9.2851,7.6,892,0,2350174,110,Released,False,0,"[""Action"", ""Crime"", ""Drama"", ""Thriller""]","[""HK""]",2,3,57,456
8009,Highlander,en,1986-03-07,8.9061,6.861,2884,19000000,12900000,116,Released,False,1,"[""Adventure"", ""Action"", ""Fantasy""]","[""GB"", ""US""]",3,1,22,180
8961,Bad Boys II,en,2003-07-18,9.8885,6.656,5894,130000000,273339556,146,Released,False,1,"[""Action"", ""Crime"", ""Comedy""]","[""US""]",2,2,46,435
268,Batman,en,1989-06-21,9.2453,7.2,8517,35000000,411348924,126,Released,False,1,"[""Fantasy"", ""Action"", ""Crime""]","[""US""]",3,2,42,428
10528,Sherlock Holmes,en,2009-12-23,8.6231,7.218,14713,90000000,524028679,129,Released,False,1,"[""Adventure"", ""Crime"", ""Mystery""]","[""US"", ""DE"", ""GB""]",4,2,20,158
82695,Les Misérables,en,2012-12-18,9.2208,7.307,5553,61000000,442636309,158,Released,False,0,"[""History"", ""Drama""]","[""GB"", ""US""]",5,1,25,329
955,Mission: Impossible II,en,2000-05-24,9.2099,6.143,7518,125000000,546388108,123,Released,False,1,"[""Adventure"", ""Action"", ""Thriller""]","[""US""]",2,1,28,362
9479,The Nightmare Before Christmas,en,1993-10-09,9.2082,7.831,10280,18000000,75634409,76,Released,False,0,"[""Fantasy"", ""Animation"", ""Family""]","[""US""]",2,1,96,341
70160,The Hunger Games,en,2012-03-12,9.2079,7.2,23199,75000000,694000000,142,Released,False,1,"[""Science Fiction"", ""Adventure"", ""Action"", ""Thriller""]","[""US""]",2,1,27,241
1372,Blood Diamond,en,2006-12-08,9.5222,7.555,8266,100000000,171720398,143,Released,False,0,"[""Drama"", ""Thriller"", ""Action""]","[""DE"", ""US""]",7,2,28,349
184345,A Haunted House 2,en,2014-04-17,9.2527,6.171,1576,4000000,25343661,87,Released,False,1,"[""Comedy"", ""Horror""]","[""US""]",4,1,30,202
15121,The Sound of Music,en,1965-03-29,9.1876,7.7,3601,8200000,286214286,174,Released,False,0,"[""Drama"", ""Family"", ""Music"", ""Romance""]","[""US""]",3,2,36,214
22803,Law Abiding Citizen,en,2009-10-15,8.0464,7.4,5626,53000000,127900000,109,Released,False,0,"[""Drama"", ""Crime"", ""Thriller""]","[""GB"", ""US""]",5,1,20,214
9732,The Lion King II: Simba's Pride,en,1998-10-24,9.166,6.937,4653,0,0,81,Released,False,1,"[""Family"", ""Adventure"", ""Animation"", ""Drama"", ""Romance""]","[""US""]",1,1,31,344
755,From Dusk Till Dawn,en,1996-01-19,9.166,7.041,6453,19000000,25800000,108,Released,False,1,"[""Horror"", ""Action"", ""Thriller"", ""Crime""]","[""US""]",3,2,96,155
676,Pearl Harbor,en,2001-05-21,9.1606,6.936,6960,140000000,449220945,183,Released,False,0,"[""War"", ""Romance"", ""History"", ""Action""]","[""US""]",2,3,67,379
843,In the Mood for Love,cn,2000-09-29,9.3929,8.088,3220,3000000,15867968,99,Released,False,0,"[""Drama"", ""Romance""]","[""HK"", ""FR""]",3,3,67,177
258216,Nymphomaniac: Vol. I,en,2013-12-25,9.1492,6.8,3625,2350000,13545832,118,Released,False,1,"[""Drama""]","[""DE"", ""BE"", ""DK"", ""FR"", ""SE""]",10,1,18,367
8656,Deep Impact,en,1998-05-08,9.1463,6.2,3287,75000000,349464664,121,Released,False,0,"[""Action"", ""Drama"", ""Science Fiction""]","[""US""]",4,1,40,383
9383,Hollow Man,en,2000-08-04,8.5509,5.96,2744,95000000,190213455,112,Released,False,1,"[""Action"", ""Science Fiction"", ""Thriller""]","[""DE"", ""US""]",3,1,32,373
87818,Movie 43,en,2013-01-24,9.1226,4.652,2490,6000000,32443111,98,Released,False,0,"[""Comedy""]","[""US""]",5,1,73,448
184314,Young & Beautiful,fr,2013-08-21,9.115,6.503,1313,4650000,9757417,95,Released,False,0,"[""Drama""]","[""FR""]",4,2,0,160
10775,Infernal Affairs,cn,2002-12-12,9.1142,7.801,1845,6400000,8836958,101,Released,False,1,"[""Drama"", ""Action"", ""Thriller"", ""Crime"", ""Mystery""]","[""HK""]",2,3,25,311
232672,Blended,en,2014-05-21,9.112,6.888,3779,40000000,128000000,117,Released,False,0,"[""Comedy"", ""Romance""]","[""US""]",3,1,45,496
6957,The 40 Year Old Virgin,en,2005-08-11,9.0888,6.42,7172,26000000,177400000,116,Released,False,0,"[""Comedy"", ""Romance""]","[""US""]",2,2,23,413
64688,21 Jump Street,en,2012-03-14,7.9501,6.886,10956,42000000,201585328,109,Released,False,1,"[""Action"", ""Comedy"", ""Crime""]","[""US""]",6,1,52,464
8856,The Karate Kid Part II,en,1986-06-18,9.0765,6.333,2456,13000000,115103979,113,Released,False,1,"[""Adventure"", ""Drama"", ""Action"", ""Romance"", ""Family""]","[""US""]",2,2,128,570
109428,Evil Dead,en,2013-04-05,9.0735,6.6,4977,17000000,99010045,91,Released,False,0,"[""Horror""]","[""US""]",3,2,26,410
62835,Colombiana,en,2011-07-27,9.072,6.636,2841,40000000,71508440,108,Released,False,0,"[""Action"", ""Thriller"", ""Crime"", ""Drama""]","[""FR""]",6,2,21,320
9340,The Goonies,en,1985-06-07,9.2284,7.515,6192,19000000,69649283,114,Released,False,0,"[""Adventure"", ""Comedy"", ""Family""]","[""US""]",2,4,163,308
2280,Big,en,1988-06-03,9.0613,7.185,4011,18000000,151927281,104,Released,False,0,"[""Fantasy"", ""Drama"", ""Comedy""]","[""US""]",3,1,38,364
9757,Norbit,en,2007-02-08,11.1085,5.666,2573,10000000,159814490,102,Released,False,0,"[""Comedy""]","[""US""]",4,1,40,128
710,GoldenEye,en,1995-11-16,9.0533,6.899,4299,60000000,352194034,130,Released,False,1,"[""Adventure"", ""Action"", ""Thriller""]","[""GB""]",1,3,36,120
9603,Clueless,en,1995-07-19,9.0482,7.25,4767,12000000,56631572,97,Released,False,0,"[""Comedy"", ""Romance""]","[""US""]",3,2,50,440
96721,Rush,en,2013-09-02,9.0105,7.735,7775,38000000,90200000,123,Released,False,0,"[""Drama"", ""Action""]","[""GB"", ""US""]",3,4,31,145
1370,Rambo III,en,1988-05-24,9.0081,6.198,3452,63000000,189015611,102,Released,False,1,"[""Action"", ""Adventure"", ""Thriller"", ""War""]","[""US""]",1,2,87,259
19994,Jennifer's Body,en,2009-09-18,9.0021,6.0,4190,16000000,31556061,107,Released,False,0,"[""Horror"", ""Comedy""]","[""US""]",3,2,44,206
2675,Signs,en,2002-08-02,8.9951,6.697,6213,72000000,408200000,106,Released,False,0,"[""Thriller"", ""Science Fiction"", ""Horror""]","[""US""]",3,2,34,122
380,Rain Man,en,1988-12-12,8.2161,7.75,7045,25000000,354825435,134,Released,False,0,"[""Drama""]","[""US""]",3,2,47,466
644,A.I. Artificial Intelligence,en,2001-06-29,8.9847,7.055,6613,100000000,235926552,146,Released,False,0,"[""Drama"", ""Science Fiction"", ""Adventure""]","[""GB"", ""US""]",4,1,124,243
9602,Coming to America,en,1988-06-29,8.9843,6.877,4713,30000000,288752301,117,Released,False,1,"[""Comedy"", ""Romance""]","[""US""]",2,1,44,289
927,Gremlins,en,1984-06-08,8.9812,7.141,6943,11000000,153083102,106,Released,False,1,"[""Fantasy"", ""Horror"", ""Comedy""]","[""US""]",2,2,50,217
21208,Orphan,en,2009-07-24,7.4251,6.99,5618,20000000,77912251,123,Released,False,1,"[""Horror"", ""Thriller""]","[""US""]",2,2,36,107
1593,Night at the Museum,en,2006-12-20,8.9783,6.598,10900,110000000,574480841,108,Released,False,1,"[""Fantasy"", ""Family"", ""Comedy""]","[""US"", ""GB""]",5,3,28,203
21484,Possession,en,1981-05-27,8.9621,7.3,1309,2400000,1200000,124,Released,False,0,"[""Horror""]","[""FR"", ""DE""]",4,3,26,319
60308,Moneyball,en,2011-09-23,8.9573,7.289,5716,50000000,110206216,134,Released,False,0,"[""Drama""]","[""US""]",4,1,26,187
11713,Fist of Fury,zh,1972-03-22,8.949,7.224,1063,100000,100000000,108,Released,False,1,"[""Drama"", ""Action"", ""Thriller""]","[""HK""]",2,1,65,184
1427,Perfume: The Story of a Murderer,en,2006-09-13,8.9467,7.366,4962,63700000,135039924,147,Released,False,0,"[""Crime"", ""Fantasy"", ""Drama""]","[""DE"", ""FR"", ""ES"", ""US"", ""BE""]",9,1,36,264
4922,The Curious Case of Benjamin Button,en,2008-12-25,8.9455,7.598,13645,150000000,335802786,166,Released,False,0,"[""Drama"", ""Fantasy"", ""Romance""]","[""US""]",3,1,47,457
9276,The Faculty,en,1998-12-25,8.9452,6.561,2221,15000000,40283321,104,Released,False,0,"[""Horror"", ""Science Fiction""]","[""US""]",1,1,87,200
764,The Evil Dead,en,1981-10-15,8.0988,7.274,4433,350000,29612367,85,Released,False,1,"[""Horror""]","[""US""]",1,1,44,134
4258,Scary Movie 5,en,2013-04-11,8.9331,4.79,3008,20000000,78613981,88,Released,False,1,"[""Comedy""]","[""US""]",2,1,33,248
4108,The Transporter,en,2002-10-02,8.9293,6.719,5776,21000000,43900000,92,Released,False,1,"[""Action"", ""Crime"", ""Thriller""]","[""US"", ""FR""]",4,3,28,430
9286,Final Destination 3,en,2006-02-09,8.2043,6.152,4531,25000000,118890272,92,Released,False,1,"[""Horror"", ""Mystery""]","[""US""]",5,2,35,175
10585,Child's Play,en,1988-11-09,8.9184,6.743,3304,9000000,44196684,87,Released,False,1,"[""Horror""]","[""US""]",2,1,37,178
508,Love Actually,en,2003-09-07,8.9071,7.095,7351,40000000,250779876,135,Released,False,0,"[""Comedy"", ""Romance"", ""Drama""]","[""FR"", ""GB""]",3,3,28,152
1948,Crank,en,2006-08-31,8.8971,6.651,4174,12000000,42900000,88,Released,False,1,"[""Action"", ""Thriller"", ""Crime""]","[""US""]",4,3,99,284
1417,Pan's Labyrinth,es,2006-10-11,8.8971,7.761,11379,19000000,83258226,118,Released,False,0,"[""Fantasy"", ""Drama"", ""War""]","[""MX"", ""ES"", ""US""]",4,1,42,385
7555,Rambo,en,2008-01-24,8.8955,6.7,4240,50000000,113200000,92,Released,False,1,"[""Action"", ""Thriller"", ""War""]","[""US"", ""DE""]",4,3,39,220
11509,Silverado,en,1985-07-10,8.894,6.937,805,23000000,32192570,133,Released,False,0,"[""Western"", ""Action"", ""Drama""]","[""US""]",1,1,84,361
10995,The Lover,fr,1992-01-22,8.8837,6.979,751,0,5013090,115,Released,False,0,"[""Drama"", ""Romance""]","[""FR"", ""GB"", ""VN""]",4,2,92,270
10607,Don't Be a Menace to South Central While Drinking Your Juice in the Hood,en,1996-01-12,8.7879,7.019,1488,3800000,20949601,89,Released,False,0,"[""Comedy"", ""Crime""]","[""US""]",2,2,142,364
4347,Atonement,en,2007-02-27,8.1214,7.634,4669,30000000,131016624,123,Released,False,0,"[""Drama"", ""Romance""]","[""FR"", ""GB"", ""US""]",4,2,56,132
39513,Paul,en,2011-02-14,8.5756,6.735,6225,40000000,98000000,104,Released,False,0,"[""Adventure"", ""Comedy"", ""Science Fiction""]","[""GB"", ""US""]",4,1,31,431
967,Spartacus,en,1960-10-13,8.8498,7.535,2373,12000000,60000000,197,Released,False,0,"[""History"", ""War"", ""Drama"", ""Adventure""]","[""US""]",2,1,86,446
10515,Castle in the Sky,ja,1986-08-02,8.8493,7.97,4654,3000000,5228752,125,Released,False,0,"[""Adventure"", ""Fantasy"", ""Animation"", ""Action"", ""Family""]","[""JP""]",3,1,39,133
10895,Pinocchio,en,1940-02-23,8.2446,7.107,6219,2600000,164000000,88,Released,False,0,"[""Animation"", ""Family"", ""Fantasy""]","[""US""]",1,1,49,265
1571,Live Free or Die Hard,en,2007-06-20,7.9581,6.641,6304,110000000,383531464,128,Released,False,1,"[""Action"", ""Thriller""]","[""GB"", ""US""]",5,3,25,211
21542,Love Don't Co$t a Thing,en,2003-12-12,8.8084,7.577,678,0,21964072,100,Released,False,0,"[""Comedy"", ""Drama"", ""Family"", ""Romance""]","[""US""]",3,1,51,96
117263,Olympus Has Fallen,en,2013-03-20,8.7995,6.414,7032,70000000,170270201,120,Released,False,1,"[""Action"", ""Thriller""]","[""US""]",3,2,41,407
7446,Tropic Thunder,en,2008-08-09,8.7993,6.71,6902,92000000,195702811,107,Released,False,0,"[""Action"", ""Comedy"", ""Adventure"", ""War""]","[""US""]",2,2,9,281
1927,Hulk,en,2003-06-19,9.0786,5.579,6228,137000000,245360480,138,Released,False,0,"[""Science Fiction"", ""Adventure"", ""Action""]","[""US""]",4,2,72,185
8909,Wanted,en,2008-06-19,8.7928,6.529,7549,75000000,342463063,110,Released,False,0,"[""Action"", ""Thriller"", ""Crime""]","[""US""]",5,1,20,545
9659,Mad Max,en,1979-04-12,8.0422,6.7,4922,350000,100000000,91,Released,False,1,"[""Adventure"", ""Action"", ""Thriller"", ""Science Fiction""]","[""AU""]",1,1,32,212
19908,Zombieland,en,2009-10-02,8.7713,7.26,13099,23600000,102391540,87,Released,False,1,"[""Comedy"", ""Horror""]","[""US""]",3,1,18,294
8871,How the Grinch Stole Christmas,en,2000-11-17,8.7701,6.779,8238,123000000,345800000,105,Released,False,0,"[""Family"", ""Comedy"", ""Fantasy""]","[""US"", ""DE""]",3,1,21,148
109439,The Hangover Part III,en,2013-05-23,8.7657,6.207,9188,103000000,362000072,100,Released,False,1,"[""Comedy""]","[""US""]",3,1,12,132
180,Minority Report,en,2002-06-20,8.7656,7.353,9556,102000000,358372926,145,Released,False,0,"[""Science Fiction"", ""Action"", ""Thriller""]","[""US""]",7,2,15,215
88,Dirty Dancing,en,1987-08-21,8.7604,7.324,6480,6000000,214577242,100,Released,False,1,"[""Drama"", ""Music"", ""Romance""]","[""US""]",2,1,47,234
19673,Sexmission,pl,1984-05-13,8.7566,7.2,327,0,0,117,Released,False,0,"[""Science Fiction"", ""Adventure"", ""Comedy""]","[""PL""]",2,2,40,442
4977,Paprika,ja,2006-10-01,8.7425,7.811,2828,2600000,946590,90,Released,False,0,"[""Science Fiction"", ""Thriller"", ""Animation""]","[""JP""]",2,2,28,192
9880,The Princess Diaries,en,2001-08-03,8.73,7.0,5244,37000000,165335153,115,Released,False,1,"[""Comedy"", ""Family"", ""Romance""]","[""US""]",3,1,33,357
71676,Ghost Rider: Spirit of Vengeance,en,2011-12-10,8.7221,5.01,4037,57000000,132563930,95,Released,False,1,"[""Action"", ""Fantasy"", ""Thriller""]","[""AE"", ""US""]",7,1,15,238
49049,Dredd,en,2012-09-07,8.721,6.86,5492,50000000,41037742,96,Released,False,0,"[""Action"", ""Science Fiction""]","[""ZA"", ""GB"", ""US"", ""IN""]",5,1,20,514
225886,Sex Tape,en,2014-07-17,8.7059,5.408,4207,40000000,126069509,94,Released,False,0,"[""Comedy""]","[""US""]",4,1,49,685
599,Sunset Boulevard,en,1950-08-10,7.824,8.28,2911,1752000,5000000,110,Released,False,0,"[""Drama""]","[""US""]",1,1,18,109
9339,Click,en,2006-06-23,8.9829,6.304,7518,82500000,240685326,107,Released,False,0,"[""Comedy"", ""Drama"", ""Fantasy""]","[""US""]",4,3,67,348
856,Who Framed Roger Rabbit,en,1988-06-22,8.3504,7.536,6138,70000000,329800000,104,Released,False,0,"[""Fantasy"", ""Animation"", ""Comedy"", ""Crime""]","[""US""]",3,1,72,247
1585,It's a Wonderful Life,en,1946-12-20,8.6487,8.3,4863,3180000,9644124,131,Released,False,0,"[""Drama"", ""Family"", ""Fantasy""]","[""US""]",1,1,46,283
1824,50 First Dates,en,2004-02-13,8.6473,6.87,7678,75000000,196482882,99,Released,False,0,"[""Comedy"", ""Romance""]","[""US""]",4,1,73,361
364,Batman Returns,en,1992-06-19,8.6435,6.9,7046,80000000,280000000,126,Released,False,1,"[""Action"", ""Fantasy""]","[""US""]",2,1,30,409
329,Jurassic Park,en,1993-06-11,7.5664,7.967,17749,63000000,920100000,127,Released,False,1,"[""Adventure"", ""Science Fiction""]","[""US""]",2,2,44,348
138103,The Expendables 3,en,2014-08-07,8.626,6.204,5311,95000000,214657577,126,Released,False,1,"[""Action"", ""Adventure"", ""Thriller""]","[""US"", ""FR"", ""DE"", ""BG"", ""RO""]",6,1,36,698
158015,The Purge,en,2013-05-31,8.6111,6.25,8800,3000000,91266581,85,Released,False,1,"[""Science Fiction"", ""Horror"", ""Thriller""]","[""FR"", ""US""]",4,1,37,230
841,Dune,en,1984-12-14,8.5865,6.2,3397,40000000,31502434,136,Released,False,0,"[""Action"", ""Science Fiction"", ""Adventure""]","[""US""]",1,1,56,424
605,The Matrix Revolutions,en,2003-11-05,8.5831,6.749,10733,150000000,424988211,129,Released,False,1,"[""Adventure"", ""Action"", ""Thriller"", ""Science Fiction""]","[""US""]",3,2,43,171
15092,Crank: High Voltage,en,2009-04-16,7.8658,6.1,3126,20000000,34600000,96,Released,False,1,"[""Action"", ""Thriller"", ""Crime""]","[""US""]",3,1,33,184
100402,Captain America: The Winter Soldier,en,2014-03-20,8.5752,7.653,19903,170000000,714766572,136,Released,False,1,"[""Action"", ""Adventure"", ""Science Fiction""]","[""US""]",1,1,19,728
36669,Die Another Day,en,2002-11-17,8.5719,5.999,3860,142000000,431971116,133,Released,False,1,"[""Adventure"", ""Action"", ""Thriller""]","[""GB""]",1,7,23,167
9023,Spirit: Stallion of the Cimarron,en,2002-05-24,7.958,7.7,4861,80000000,122563539,83,Released,False,1,"[""Animation"", ""Adventure"", ""Family"", ""Drama"", ""Western""]","[""US""]",2,1,32,75
146,"Crouching Tiger, Hidden Dragon",zh,2000-07-06,9.5268,7.432,3536,17000000,213978518,120,Released,False,1,"[""Adventure"", ""Drama"", ""Action"", ""Romance""]","[""HK"", ""TW"", ""US"", ""CN""]",6,1,81,176
217,Indiana Jones and the Kingdom of the Crystal Skull,en,2008-05-21,8.1566,6.023,8975,185000000,786636033,122,Released,False,1,"[""Adventure"", ""Action""]","[""US""]",2,3,26,350
147441,Exodus: Gods and Kings,en,2014-12-03,7.9135,5.88,4826,140000000,268031828,150,Released,False,0,"[""Adventure"", ""Drama"", ""Action""]","[""ES"", ""US"", ""GB""]",6,1,59,182
568,Apollo 13,en,1995-06-30,8.493,7.455,5858,52000000,355237933,140,Released,False,0,"[""Drama"", ""History""]","[""US""]",2,1,29,322
274,The Silence of the Lambs,en,1991-02-14,6.646,8.345,17865,19000000,272742922,119,Released,False,1,"[""Crime"", ""Thriller"", ""Drama""]","[""US""]",3,1,70,402
49047,Gravity,en,2013-10-03,8.2352,7.168,16259,105000000,723192705,91,Released,False,0,"[""Science Fiction"", ""Thriller"", ""Drama""]","[""GB"", ""US""]",3,1,13,185
558,Spider-Man 2,en,2004-06-25,7.3183,7.304,16250,200000000,788976453,127,Released,False,1,"[""Action"", ""Adventure"", ""Science Fiction""]","[""US""]",3,3,28,402
1894,Star Wars: Episode II - Attack of the Clones,en,2002-05-15,8.0779,6.592,14250,120000000,649398328,142,Released,False,1,"[""Adventure"", ""Action"", ""Science Fiction""]","[""US""]",1,1,50,218
274870,Passengers,en,2016-12-21,7.6012,6.952,14160,110000000,303144152,116,Released,False,0,"[""Drama"", ""Romance"", ""Science Fiction""]","[""US""]",7,1,31,184
363088,Ant-Man and the Wasp,en,2018-07-04,8.4399,6.903,14113,140000000,622674139,119,Released,False,1,"[""Action"", ""Adventure"", ""Science Fiction""]","[""US""]",1,1,29,264
277834,Moana,en,2016-10-13,3.176,7.565,13677,150000000,690860472,107,Released,False,1,"[""Adventure"", ""Comedy"", ""Family"", ""Animation""]","[""US""]",1,1,21,186
141052,Justice League,en,2017-11-15,7.9222,6.071,13616,300000000,661326987,120,Released,False,0,"[""Action"", ""Adventure"", ""Science Fiction""]","[""US""]",5,1,31,317
194662,Birdman or (The Unexpected Virtue of Ignorance),en,2014-10-17,7.7201,7.4,13522,18000000,103215094,120,Released,False,0,"[""Drama"", ""Comedy""]","[""US""]",5,1,23,291
49538,X-Men: First Class,en,2011-06-01,0.5499,7.3,13481,160000000,353624124,132,Released,False,1,"[""Action"", ""Science Fiction"", ""Adventure""]","[""US""]",4,5,46,326
399055,The Shape of Water,en,2017-12-01,8.0848,7.237,12801,19500000,195300000,123,Released,False,0,"[""Drama"", ""Fantasy"", ""Romance""]","[""US""]",4,2,32,223
127380,Finding Dory,en,2016-06-16,7.8489,7.039,12614,200000000,1029266989,97,Released,False,1,"[""Adventure"", ""Animation"", ""Family""]","[""US""]",1,1,53,175
771,Home Alone,en,1990-11-16,0.9642,7.464,12441,18000000,476684675,103,Released,False,1,"[""Comedy"", ""Family""]","[""US""]",2,2,35,222
23483,Kick-Ass,en,2010-03-26,7.3078,7.124,12324,28000000,96188903,118,Released,False,1,"[""Action"", ""Crime""]","[""GB"", ""US""]",2,1,18,182
332562,A Star Is Born,en,2018-10-03,7.0686,7.492,12194,36000000,436388866,136,Released,False,0,"[""Music"", ""Drama"", ""Romance""]","[""US""]",6,1,0,362
1858,Transformers,en,2007-06-27,4.5434,6.8,12128,150000000,709709780,144,Released,False,1,"[""Adventure"", ""Science Fiction"", ""Action""]","[""US""]",4,2,21,275
36657,X-Men,en,2000-07-13,0.5777,7.0,12120,75000000,296339527,104,Released,False,1,"[""Adventure"", ""Action"", ""Science Fiction""]","[""US""]",4,1,27,174
76203,12 Years a Slave,en,2013-10-18,7.0115,7.933,11930,20000000,187000000,134,Released,False,0,"[""Drama"", ""History""]","[""GB"", ""US""]",5,1,48,377
222935,The Fault in Our Stars,en,2014-06-02,5.0573,7.591,11537,14000000,307166834,126,Released,False,0,"[""Romance"", ""Drama""]","[""US""]",3,1,61,302
13223,Gran Torino,en,2008-12-12,7.1786,7.989,11494,33000000,270000000,116,Released,False,0,"[""Drama""]","[""US"", ""DE""]",7,1,16,173
196,Back to the Future Part III,en,1990-05-25,6.9272,7.492,11448,40000000,244527583,119,Released,False,1,"[""Adventure"", ""Comedy"", ""Science Fiction""]","[""US""]",2,1,81,327
310,Bruce Almighty,en,2003-05-23,8.4119,6.724,11432,80000000,484592874,101,Released,False,1,"[""Fantasy"", ""Comedy""]","[""US""]",4,1,52,314
338952,Fantastic Beasts: The Crimes of Grindelwald,en,2018-11-14,5.8876,6.835,11423,200000000,654900000,134,Released,False,1,"[""Fantasy"", ""Adventure""]","[""GB"", ""US""]",2,2,27,581
12405,Slumdog Millionaire,en,2008-11-12,6.5223,7.731,11263,15000000,378400000,121,Released,False,0,"[""Drama"", ""Romance""]","[""GB""]",2,3,38,122
62211,Monsters University,en,2013-06-19,8.0546,7.0,11260,200000000,743559465,104,Released,False,1,"[""Animation"", ""Family""]","[""US""]",1,1,55,144
8844,Jumanji,en,1995-12-15,3.0443,7.245,11241,65000000,262821940,104,Released,False,1,"[""Adventure"", ""Fantasy"", ""Family""]","[""US""]",4,2,22,395
2080,X-Men Origins: Wolverine,en,2009-04-28,1.0832,6.287,11184,150000000,373062864,107,Released,False,1,"[""Adventure"", ""Action"", ""Science Fiction""]","[""US""]",5,1,19,155
84892,The Perks of Being a Wallflower,en,2012-09-20,7.3571,7.803,11149,13000000,33384127,103,Released,False,0,"[""Drama""]","[""US""]",1,1,16,259
82992,Fast & Furious 6,en,2013-05-21,1.0519,6.814,11122,160000000,788700000,130,Released,False,1,"[""Action"", ""Thriller"", ""Crime""]","[""US""]",3,6,23,176
343668,Kingsman: The Golden Circle,en,2017-09-20,7.7534,6.945,11086,104000000,410902662,141,Released,False,1,"[""Action"", ""Adventure"", ""Comedy"", ""Crime"", ""Science Fiction""]","[""GB"", ""US"", ""IT""]",4,3,19,192
266856,The Theory of Everything,en,2014-11-07,5.0854,7.832,11073,15000000,123726688,123,Released,False,0,"[""Drama"", ""Romance""]","[""GB"", ""US""]",2,4,49,208
211672,Minions,en,2015-06-17,6.2467,6.419,11059,74000000,1159457503,91,Released,False,1,"[""Family"", ""Animation"", ""Adventure"", ""Comedy""]","[""US""]",2,1,30,161
19913,(500) Days of Summer,en,2009-07-17,6.8133,7.301,10975,7500000,60781545,95,Released,False,0,"[""Comedy"", ""Drama"", ""Romance""]","[""US""]",3,3,53,283
41154,Men in Black 3,en,2012-05-23,7.8938,6.541,10927,225000000,654213485,106,Released,False,1,"[""Action"", ""Comedy"", ""Science Fiction""]","[""AE"", ""US""]",5,1,13,527
58574,Sherlock Holmes: A Game of Shadows,en,2011-11-22,6.4528,7.144,10888,125000000,334615000,129,Released,False,1,"[""Adventure"", ""Mystery"", ""Action""]","[""US""]",4,1,18,206
641,Requiem for a Dream,en,2000-10-06,4.9974,8.012,10889,4500000,7390108,102,Released,False,0,"[""Crime"", ""Drama""]","[""US""]",5,1,0,101
359940,"Three Billboards Outside Ebbing, Missouri",en,2017-12-01,6.704,8.059,10845,15000000,162729321,115,Released,False,0,"[""Crime"", ""Drama""]","[""GB"", ""US""]",4,1,0,444
36658,X2,en,2003-04-27,0.5062,7.035,10835,110000000,407711549,133,Released,False,1,"[""Adventure"", ""Action"", ""Science Fiction""]","[""US""]",4,3,62,282
59967,Looper,en,2012-09-26,6.5137,6.9,10828,30000000,47042000,118,Released,False,0,"[""Action"", ""Thriller"", ""Science Fiction""]","[""US""]",3,1,44,370
495764,Birds of Prey (and the Fantabulous Emancipation of One Harley Quinn),en,2020-02-05,7.5721,6.879,10765,75000000,205537933,109,Released,False,0,"[""Action"", ""Crime""]","[""US""]",5,1,17,174
9799,The Fast and the Furious,en,2001-06-22,1.2555,7.002,10761,38000000,207283925,106,Released,False,1,"[""Action"", ""Crime"", ""Thriller""]","[""DE"", ""US""]",4,1,47,256
405774,Bird Box,en,2018-12-13,7.9904,6.826,10521,19800000,0,124,Released,False,1,"[""Horror"", ""Thriller"", ""Drama""]","[""US""]",2,1,28,148
392044,Murder on the Orient Express,en,2017-11-03,8.1499,6.707,10494,55000000,352800000,114,Released,False,1,"[""Mystery"", ""Drama"", ""Crime""]","[""US""]",4,5,22,118
515001,Jojo Rabbit,en,2019-10-18,6.4536,8.0,10343,14000000,82468705,108,Released,False,0,"[""Comedy"", ""War"", ""Drama""]","[""NZ"", ""US""]",4,2,20,306
627,Trainspotting,en,1996-02-23,7.076,8.0,10342,4000000,71981823,94,Released,False,1,"[""Drama"", ""Crime""]","[""GB""]",4,1,12,345
36668,X-Men: The Last Stand,en,2006-05-24,0.5154,6.418,10318,210000000,459359555,104,Released,False,1,"[""Adventure"", ""Action"", ""Science Fiction"", ""Thriller""]","[""US""]",3,1,13,201
70,Million Dollar Baby,en,2004-12-05,7.296,7.953,10298,30000000,216763646,132,Released,False,0,"[""Drama""]","[""CH"", ""US""]",5,2,146,223
17654,District 9,en,2009-08-05,8.4469,7.464,10260,30000000,210888950,112,Released,False,0,"[""Science Fiction""]","[""NZ"", ""ZA"", ""US""]",4,6,25,466
76170,The Wolverine,en,2013-07-21,1.8202,6.431,10234,120000000,415440673,126,Released,False,1,"[""Action"", ""Science Fiction"", ""Adventure""]","[""US""]",3,2,47,143
8960,Hancock,en,2008-07-01,7.1204,6.353,10193,150000000,629400000,92,Released,False,0,"[""Fantasy"", ""Action""]","[""US""]",5,4,66,359
591,The Da Vinci Code,en,2006-05-17,7.993,6.725,10005,125000000,760006945,149,Released,False,1,"[""Thriller"", ""Mystery""]","[""US""]",2,4,15,291
13183,Watchmen,en,2009-03-04,6.5128,7.351,9923,130000000,185258983,163,Released,False,0,"[""Mystery"", ""Action"", ""Science Fiction""]","[""US""]",6,1,53,381
9741,Unbreakable,en,2000-11-22,6.8049,7.143,9874,75000000,248118121,106,Released,False,0,"[""Thriller"", ""Drama"", ""Mystery""]","[""US""]",3,1,28,273
281338,War for the Planet of the Apes,en,2017-07-11,8.5833,7.218,9674,150000000,490719763,140,Released,False,1,"[""Drama"", ""Science Fiction"", ""War""]","[""US""]",3,1,40,441
264644,Room,en,2015-10-16,5.6917,7.995,9647,13000000,35401758,118,Released,False,0,"[""Drama"", ""Thriller""]","[""CA"", ""IE"", ""GB"", ""US""]",6,1,24,169
54138,Star Trek Into Darkness,en,2013-05-05,6.097,7.318,9607,190000000,467381584,132,Released,False,1,"[""Action"", ""Adventure"", ""Science Fiction""]","[""US""]",3,1,36,555
68724,Elysium,en,2013-08-07,6.5129,6.517,9520,115000000,286140700,109,Released,False,0,"[""Science Fiction"", ""Action"", ""Drama"", ""Thriller""]","[""US""]",5,1,19,621
45269,The King's Speech,en,2010-11-26,6.86,7.733,9254,15000000,414211549,118,Released,False,0,"[""Drama"", ""History""]","[""GB"", ""US""]",8,1,16,478
348350,Solo: A Star Wars Story,en,2018-05-15,8.2439,6.559,9209,250000000,392952373,135,Released,False,0,"[""Science Fiction"", ""Adventure"", ""Action""]","[""US""]",1,1,24,196
330,The Lost World: Jurassic Park,en,1997-05-23,1.1582,6.563,9174,73000000,618638999,129,Released,False,1,"[""Adventure"", ""Action"", ""Science Fiction""]","[""US""]",2,1,23,373
8373,Transformers: Revenge of the Fallen,en,2009-06-19,4.1599,6.2,9106,200000000,836303693,150,Released,False,1,"[""Science Fiction"", ""Action"", ""Adventure""]","[""US""]",5,2,18,186
45612,Source Code,en,2011-03-30,8.193,7.31,9048,32000000,147332697,93,Released,False,0,"[""Thriller"", ""Science Fiction"", ""Mystery""]","[""US"", ""FR""]",3,1,24,169
275,Fargo,en,1996-03-08,8.0081,7.848,9033,7000000,60611975,98,Released,False,0,"[""Crime"", ""Drama"", ""Thriller""]","[""GB"", ""US""]",2,1,24,553
152532,Dallas Buyers Club,en,2013-11-01,5.2885,7.916,9027,5000000,55736588,117,Released,False,0,"[""Drama"", ""History""]","[""US""]",6,2,13,167
464052,Wonder Woman 1984,en,2020-12-16,7.9633,6.367,9003,200000000,169601036,151,Released,False,1,"[""Action"", ""Adventure"", ""Fantasy""]","[""US""]",4,1,27,144
391713,Lady Bird,en,2017-09-01,4.8199,7.25,8982,10000000,79000000,94,Released,False,0,"[""Drama"", ""Comedy""]","[""US""]",3,1,14,221
68734,Argo,en,2012-10-11,7.4988,7.284,8900,44500000,232300000,120,Released,False,0,"[""Drama"", ""Thriller""]","[""US""]",3,4,41,189
38356,Transformers: Dark of the Moon,en,2011-06-28,2.8368,6.223,8889,195000000,1123794079,154,Released,False,1,"[""Action"", ""Science Fiction"", ""Adventure""]","[""US""]",4,1,22,248
51497,Fast Five,en,2011-04-20,1.4806,7.237,8794,125000000,626100000,130,Released,False,1,"[""Action"", ""Thriller"", ""Crime""]","[""US""]",3,4,19,305
435,The Day After Tomorrow,en,2004-05-26,7.1899,6.552,8791,125000000,552639571,123,Released,False,0,"[""Science Fiction"", ""Thriller"", ""Adventure""]","[""US""]",4,5,18,431
187,Sin City,en,2005-04-01,7.3606,7.464,8780,40000000,158733820,124,Released,False,1,"[""Crime"", ""Thriller""]","[""US""]",3,1,32,425
314365,Spotlight,en,2015-11-06,5.9975,7.815,8754,20000000,98690254,129,Released,False,0,"[""Drama"", ""History""]","[""US""]",5,1,35,189
466282,To All the Boys I've Loved Before,en,2018-08-17,5.9039,7.594,8695,0,0,100,Released,False,1,"[""Comedy"", ""Romance""]","[""US""]",2,1,20,147
333371,10 Cloverfield Lane,en,2016-03-10,5.6267,6.999,8615,15000000,110216998,104,Released,False,0,"[""Thriller"", ""Science Fiction"", ""Drama"", ""Horror""]","[""US""]",1,1,28,201
22538,Scott Pilgrim vs. the World,en,2010-08-12,7.3787,7.485,8519,73000000,51825248,113,Released,False,0,"[""Action"", ""Comedy"", ""Romance""]","[""JP"", ""GB"", ""US""]",4,1,25,338
35,The Simpsons Movie,en,2007-07-25,6.6562,7.021,8502,75000000,527068851,87,Released,False,1,"[""Animation"", ""Comedy"", ""Family""]","[""US""]",2,1,44,152
2108,The Breakfast Club,en,1985-02-15,6.0087,7.723,8492,1000000,51530442,98,Released,False,0,"[""Comedy"", ""Drama""]","[""US""]",3,1,55,394
10764,Quantum of Solace,en,2008-10-29,7.1029,6.3,8487,200000000,589593688,106,Released,False,1,"[""Adventure"", ""Action"", ""Thriller""]","[""GB"", ""US""]",4,5,26,297
22970,The Cabin in the Woods,en,2012-04-12,7.6549,6.648,8482,30000000,71038838,95,Released,False,0,"[""Horror"", ""Mystery"", ""Comedy""]","[""US""]",1,2,29,245
328111,The Secret Life of Pets,en,2016-06-18,3.6116,6.316,8480,75000000,875457937,86,Released,False,1,"[""Family"", ""Comedy"", ""Adventure"", ""Animation""]","[""US""]",2,1,51,115
187017,22 Jump Street,en,2014-06-05,7.6258,6.826,8478,50000000,331333876,112,Released,False,1,"[""Crime"", ""Comedy"", ""Action""]","[""US""]",7,1,23,554
278927,The Jungle Book,en,2016-04-07,8.0858,6.87,8465,175000000,966550600,106,Released,False,0,"[""Family"", ""Adventure"", ""Fantasy""]","[""GB"", ""US""]",3,1,25,230
137106,The Lego Movie,en,2014-02-06,8.3843,7.421,8405,60000000,470759687,100,Released,False,1,"[""Animation"", ""Family"", ""Adventure"", ""Comedy"", ""Fantasy""]","[""US"", ""DK"", ""AU""]",7,1,42,174
50544,Friends with Benefits,en,2011-07-21,6.5918,6.643,8359,35000000,149500000,109,Released,False,0,"[""Romance"", ""Comedy""]","[""US""]",2,1,38,250
1979,Fantastic Four: Rise of the Silver Surfer,en,2007-06-13,6.0173,5.6,8356,130000000,301913131,92,Released,False,1,"[""Science Fiction"", ""Adventure"", ""Action""]","[""DE"", ""GB"", ""US""]",6,4,34,268
338970,Tomb Raider,en,2018-03-05,8.1849,6.365,8314,94000000,274650803,118,Released,False,0,"[""Action"", ""Adventure"", ""Fantasy""]","[""JP"", ""US""]",4,1,18,173
2503,The Bourne Ultimatum,en,2007-08-03,8.502,7.436,8310,70000000,442824138,115,Released,False,1,"[""Action"", ""Drama"", ""Mystery"", ""Thriller""]","[""US"", ""GB""]",4,5,37,343
4638,Hot Fuzz,en,2007-02-14,7.8474,7.562,8268,12000000,80600000,121,Released,False,0,"[""Crime"", ""Action"", ""Comedy""]","[""FR"", ""GB""]",4,1,40,348
340666,Nocturnal Animals,en,2016-11-04,6.1034,7.4,8257,22500000,29300000,116,Released,False,0,"[""Drama"", ""Thriller""]","[""US"", ""CN"", ""GB""]",5,1,51,264
256591,Focus,en,2015-02-25,6.3436,6.9,8250,50100000,153962963,105,Released,False,0,"[""Romance"", ""Comedy"", ""Crime""]","[""US""]",4,1,19,182
58595,Snow White and the Huntsman,en,2012-05-30,5.4388,5.987,8198,170000000,396600000,127,Released,False,1,"[""Adventure"", ""Fantasy"", ""Drama""]","[""US""]",2,1,21,395
116745,The Secret Life of Walter Mitty,en,2013-12-18,6.4723,7.218,8194,90000000,188133322,114,Released,False,0,"[""Adventure"", ""Comedy"", ""Drama"", ""Fantasy""]","[""GB"", ""US""]",8,3,28,138
2502,The Bourne Supremacy,en,2004-07-23,7.7516,7.328,8100,75000000,288500217,108,Released,False,1,"[""Action"", ""Drama"", ""Thriller""]","[""US""]",3,4,32,365
584,2 Fast 2 Furious,en,2003-06-05,1.6312,6.517,8091,76000000,236350661,108,Released,False,1,"[""Action"", ""Crime"", ""Thriller""]","[""DE"", ""US""]",4,2,24,303
121856,Assassin's Creed,en,2016-12-21,3.9893,5.433,8086,125000000,240700000,116,Released,False,0,"[""Action"", ""Adventure"", ""Science Fiction""]","[""FR"", ""GB"", ""US""]",4,3,30,234
44115,127 Hours,en,2010-11-12,6.467,7.087,8045,18000000,35700000,94,Released,False,0,"[""Adventure"", ""Drama"", ""Thriller""]","[""FR"", ""GB"", ""US""]",10,1,20,173
153,Lost in Translation,en,2003-09-18,7.9065,7.4,8032,4000000,119723856,102,Released,False,0,"[""Drama"", ""Comedy"", ""Romance""]","[""GB"", ""US""]",2,2,27,240
300669,Don't Breathe,en,2016-06-08,6.143,7.014,7923,9900000,158906350,89,Released,False,1,"[""Horror"", ""Thriller"", ""Crime""]","[""US""]",3,1,72,111
341174,Fifty Shades Darker,en,2017-02-08,8.2178,6.471,7918,55000000,381545846,118,Released,False,1,"[""Drama"", ""Romance""]","[""US""]",5,1,33,333
395992,Life,en,2017-03-22,8.0825,6.452,7890,58000000,100541806,104,Released,False,0,"[""Horror"", ""Science Fiction"", ""Mystery""]","[""US""]",2,3,31,202
163,Ocean's Twelve,en,2004-12-09,8.2983,6.566,7843,110000000,362744280,125,Released,False,1,"[""Thriller"", ""Crime""]","[""US""]",4,5,25,524
773,Little Miss Sunshine,en,2006-07-26,5.7245,7.691,7798,8000000,100523351,102,Released,False,0,"[""Comedy"", ""Drama""]","[""US""]",2,1,37,148
331,Jurassic Park III,en,2001-07-18,0.4287,6.2,7795,93000000,368780809,92,Released,False,1,"[""Adventure"", ""Action"", ""Thriller"", ""Science Fiction""]","[""US""]",2,2,44,331
9693,Children of Men,en,2006-09-22,6.9318,7.609,7785,76000000,70595464,109,Released,False,0,"[""Science Fiction"", ""Thriller"", ""Action""]","[""GB"", ""US""]",3,1,115,238
619264,The Platform,es,2019-11-08,6.6681,6.969,7765,1203235,1090116,95,Released,False,1,"[""Drama"", ""Science Fiction"", ""Thriller""]","[""ES""]",4,1,83,152
13804,Fast & Furious,en,2009-04-02,1.1834,6.689,7754,85000000,363164265,107,Released,False,1,"[""Action"", ""Crime"", ""Thriller""]","[""US""]",5,2,26,357
7191,Cloverfield,en,2008-01-15,6.4404,6.708,7729,25000000,170764026,85,Released,False,0,"[""Action"", ""Thriller"", ""Science Fiction""]","[""US""]",1,2,24,287
59436,Midnight in Paris,en,2011-05-11,5.296,7.515,7703,17000000,151119219,94,Released,False,0,"[""Fantasy"", ""Comedy"", ""Romance""]","[""FR"", ""ES"", ""US""]",4,4,41,150
168672,American Hustle,en,2013-12-03,5.7208,6.856,7702,40000000,251171807,138,Released,False,0,"[""Drama"", ""Crime""]","[""US""]",2,1,28,143
223702,Sausage Party,en,2016-07-11,7.992,5.754,7684,19000000,140705322,89,Released,False,0,"[""Adventure"", ""Animation"", ""Comedy"", ""Fantasy""]","[""CA"", ""US""]",4,1,13,182
363676,Sully,en,2016-09-07,6.8016,7.202,7677,60000000,240800000,96,Released,False,0,"[""Drama"", ""History""]","[""US""]",6,1,50,393
385128,F9,en,2021-05-19,7.0869,7.008,7663,200000000,726229501,143,Released,False,1,"[""Action"", ""Adventure"", ""Crime""]","[""US""]",5,4,24,137
44826,Hugo,en,2011-11-22,7.1071,7.174,7628,170000000,185770160,126,Released,False,0,"[""Adventure"", ""Drama"", ""Family""]","[""US""]",2,1,88,434
44912,Green Lantern,en,2011-06-14,7.5156,5.2,7617,200000000,219851172,114,Released,False,0,"[""Adventure"", ""Action"", ""Science Fiction""]","[""US""]",3,1,36,365
324852,Despicable Me 3,en,2017-06-15,6.4377,6.466,7604,80000000,1034800131,90,Released,False,1,"[""Action"", ""Animation"", ""Comedy"", ""Family"", ""Adventure""]","[""US""]",2,1,11,103
7326,Juno,en,2007-12-05,6.13,7.059,7595,7500000,232372681,96,Released,False,0,"[""Comedy"", ""Drama"", ""Romance""]","[""US""]",3,1,55,134
62213,Dark Shadows,en,2012-05-09,6.4466,6.097,7583,150000000,245527149,113,Released,False,0,"[""Comedy"", ""Fantasy""]","[""US""]",5,1,28,210
956,Mission: Impossible III,en,2006-04-25,8.0833,6.761,7567,150000000,398479497,126,Released,False,1,"[""Adventure"", ""Action"", ""Thriller""]","[""US""]",2,6,19,327
9615,The Fast and the Furious: Tokyo Drift,en,2006-06-03,3.0915,6.541,7555,85000000,158964610,104,Released,False,1,"[""Action"", ""Crime"", ""Drama"", ""Thriller""]","[""DE"", ""JP"", ""US""]",5,2,52,192
65754,The Girl with the Dragon Tattoo,en,2011-12-14,7.0844,7.383,7553,90000000,232617430,158,Released,False,1,"[""Thriller"", ""Crime"", ""Mystery""]","[""SE"", ""US""]",4,2,48,334
83542,Cloud Atlas,en,2012-10-26,7.8854,6.894,7485,102000000,130482868,172,Released,False,0,"[""Drama"", ""Science Fiction""]","[""DE"", ""US"", ""CN"", ""HK"", ""SG""]",8,1,23,544
398978,The Irishman,en,2019-11-01,7.6849,7.575,7457,159000000,968853,209,Released,False,0,"[""Crime"", ""Drama"", ""History""]","[""US""]",3,4,26,368
109424,Captain Phillips,en,2013-10-10,5.7248,7.5,7438,55000000,218791811,134,Released,False,0,"[""Action"", ""Drama"", ""Thriller""]","[""US""]",4,2,32,187
295693,The Boss Baby,en,2017-03-23,3.4061,6.452,7434,125000000,527965936,97,Released,False,1,"[""Animation"", ""Comedy"", ""Family""]","[""US""]",1,1,12,166
454983,The Kissing Booth,en,2018-05-11,7.1675,7.164,7432,0,0,105,Released,False,1,"[""Romance"", ""Comedy""]","[""GB""]",1,1,61,146
322,Mystic River,en,2003-10-08,8.3056,7.743,7397,25000000,156800000,138,Released,False,0,"[""Thriller"", ""Crime"", ""Drama"", ""Mystery""]","[""US""]",4,1,37,106
1487,Hellboy,en,2004-04-02,6.1027,6.673,7379,66000000,99318987,122,Released,False,1,"[""Fantasy"", ""Action""]","[""US"", ""CZ""]",3,2,31,519
492188,Marriage Story,en,2019-09-28,4.6357,7.734,7376,18000000,333686,137,Released,False,0,"[""Drama""]","[""GB""]",1,1,36,128
12477,Grave of the Fireflies,ja,1988-04-16,0.0148,8.4,6475,3700000,842132,89,Released,False,0,"[""Animation"", ""Drama"", ""War""]","[""JP""]",1,1,37,337
40096,A Dog's Will,pt,2000-09-15,4.9891,8.412,1214,0,4903192,104,Released,False,1,"[""Comedy"", ""Drama"", ""Fantasy"", ""Romance""]","[""BR""]",3,2,37,263
696374,Gabriel's Inferno,en,2020-05-29,5.2444,8.4,2453,0,0,122,Released,False,1,"[""Romance"", ""Drama""]","[""US""]",1,1,0,249
724089,Gabriel's Inferno: Part II,en,2020-07-31,3.308,8.4,1543,0,0,106,Released,False,1,"[""Romance"", ""Drama""]",[],1,1,0,317
12493,High and Low,ja,1963-03-01,8.1309,8.358,1112,250000,0,142,Released,False,0,"[""Drama"", ""Crime"", ""Thriller""]","[""JP""]",2,1,42,133
761053,Gabriel's Inferno: Part III,en,2020-11-19,6.4155,8.354,1078,0,0,102,Released,False,1,"[""Romance"", ""Drama""]","[""US""]",1,1,0,157
3782,Ikiru,ja,1952-10-09,8.4224,8.3,1333,0,55240,143,Released,False,0,"[""Drama""]","[""JP""]",1,1,56,179
3082,Modern Times,en,1936-02-05,7.2985,8.279,4057,1500000,1800000,87,Released,False,0,"[""Comedy"", ""Drama"", ""Romance""]","[""US""]",1,1,206,180
975,Paths of Glory,en,1957-10-25,7.5614,8.255,3257,935000,1200000,88,Released,False,0,"[""War"", ""Drama""]","[""US""]",3,3,68,123
92321,Hotarubi no Mori e,ja,2011-09-17,0.0072,8.3,1207,0,0,45,Released,False,0,"[""Romance"", ""Animation"", ""Fantasy""]","[""JP""]",1,1,51,236
637920,Miracle in Cell No. 7,tr,2019-10-10,6.8933,8.252,4543,0,28000000,132,Released,False,0,"[""Drama""]","[""TR""]",3,1,0,150
901,City Lights,en,1931-02-06,6.2403,8.252,2435,1500000,4250000,87,Released,False,0,"[""Comedy"", ""Drama"", ""Romance""]","[""US""]",1,1,15,153
10376,The Legend of 1900,it,1998-10-28,7.4609,8.243,2429,9000000,21057208,170,Released,False,0,"[""Drama"", ""Music""]","[""IT""]",2,3,66,553
630566,Clouds,en,2020-10-09,4.5924,8.2,1047,0,0,121,Released,False,0,"[""Music"", ""Drama"", ""Romance""]","[""US""]",3,1,42,214
447362,Life in a Year,en,2020-11-27,3.7365,8.231,1957,0,0,107,Released,False,0,"[""Drama"", ""Romance""]","[""US""]",2,1,0,127
164558,One Direction: This Is Us,en,2013-08-20,2.5048,8.224,1062,10000000,68500000,92,Released,False,0,"[""Documentary"", ""Music""]","[""US"", ""GB""]",5,2,34,529
504253,I Want to Eat Your Pancreas,ja,2018-09-01,6.8656,8.223,1761,0,33748006,108,Released,False,0,"[""Animation"", ""Drama"", ""Romance""]","[""JP""]",7,1,48,139
508965,Klaus,en,2019-11-08,6.0538,8.221,4630,0,0,97,Released,False,0,"[""Animation"", ""Family"", ""Comedy""]","[""ES""]",2,2,42,134
110420,Wolf Children,ja,2012-07-21,5.1661,8.2,2458,0,55262158,117,Released,False,0,"[""Animation"", ""Family"", ""Drama"", ""Fantasy""]","[""JP""]",8,1,44,220
527641,Five Feet Apart,en,2019-03-14,6.2279,8.2,5893,7000000,92600000,116,Released,False,0,"[""Romance"", ""Drama""]","[""US""]",2,3,48,495
25237,Come and See,ru,1985-10-17,7.8551,8.212,1817,5000000,20929648,142,Released,False,0,"[""Drama"", ""War""]","[""SU""]",2,3,25,426
265177,Mommy,fr,2014-09-19,4.5657,8.208,2839,4900000,3494070,138,Released,False,0,"[""Drama""]","[""CA""]",2,2,32,133
37257,Witness for the Prosecution,en,1957-12-17,5.8036,8.207,1670,3000000,9000000,116,Released,False,0,"[""Drama"", ""Mystery"", ""Crime""]","[""US""]",1,2,48,223
618344,Justice League Dark: Apokolips War,en,2020-05-05,4.8751,8.198,1564,0,0,90,Released,False,1,"[""Animation"", ""Action"", ""Adventure"", ""Fantasy""]","[""US""]",2,1,24,356
441130,Wolfwalkers,en,2020-10-26,4.7841,8.189,1364,12000000,1310720,102,Released,False,0,"[""Animation"", ""Family"", ""Adventure"", ""Fantasy""]","[""FR"", ""IE"", ""LU"", ""US"", ""CN""]",10,2,28,364
284,The Apartment,en,1960-06-21,5.5887,8.186,2620,3000000,25000000,125,Released,False,0,"[""Comedy"", ""Drama"", ""Romance""]","[""US""]",1,1,93,326
5156,Bicycle Thieves,it,1948-07-21,3.9554,8.171,2642,133000,450159,89,Released,False,0,"[""Drama""]","[""IT""]",1,1,38,296
522924,The Art of Racing in the Rain,en,2019-08-08,4.6893,8.169,1664,18000000,33800000,109,Released,False,0,"[""Drama"", ""Romance""]","[""US""]",4,3,53,150
18148,Tokyo Story,ja,1953-11-03,4.7414,8.167,1209,0,0,137,Released,False,0,"[""Drama""]","[""JP""]",1,2,111,381
490,The Seventh Seal,sv,1957-02-16,4.5885,8.2,3322,150000,311212,96,Released,False,0,"[""Fantasy"", ""Drama""]","[""SE""]",1,1,34,420
399106,Piper,en,2016-06-16,2.4092,8.146,1728,0,0,6,Released,False,0,"[""Family"", ""Animation""]","[""US""]",1,1,0,170
426,Vertigo,en,1958-05-09,7.1033,8.1,6291,2479000,7808900,128,Released,False,0,"[""Mystery"", ""Romance"", ""Thriller""]","[""US""]",2,1,66,174
517814,Capernaum,ar,2018-09-20,4.1095,8.14,1960,4000000,64978931,126,Released,False,0,"[""Drama""]","[""FR"", ""LB"", ""GB"", ""US""]",8,2,25,225
10098,The Kid,en,1921-01-21,3.6118,8.14,2355,250000,5450000,68,Released,False,0,"[""Comedy"", ""Drama""]","[""US""]",1,1,15,150
9702,Bound by Honor,en,1993-02-05,8.3606,8.139,1509,35000000,4500000,190,Released,False,0,"[""Crime"", ""Drama"", ""Thriller""]","[""US""]",1,2,84,567
592350,My Hero Academia: Heroes Rising,ja,2019-12-20,5.1482,8.133,1266,0,30017163,104,Released,False,1,"[""Animation"", ""Action"", ""Fantasy"", ""Adventure""]","[""JP""]",8,1,112,466
872,Singin' in the Rain,en,1952-04-10,8.1116,8.133,3479,2540800,7200000,103,Released,False,0,"[""Comedy"", ""Romance""]","[""US""]",1,1,24,167
797,Persona,sv,1966-10-18,4.3872,8.133,2391,0,250000,84,Released,False,0,"[""Drama""]","[""SE""]",1,1,49,224
666,Central Station,pt,1998-04-03,2.1331,8.1,1042,2900000,5596708,111,Released,False,0,"[""Drama""]","[""BR"", ""FR""]",3,1,66,180
606856,Togo,en,2019-12-20,5.9163,8.124,2241,0,0,113,Released,False,0,"[""Adventure"", ""Family""]","[""US""]",1,1,22,273
935,Dr. Strangelove or: How I Learned to Stop Worrying and Love the Bomb,en,1964-01-29,5.2426,8.122,6117,1800000,9500000,95,Released,False,0,"[""Comedy"", ""War""]","[""GB"", ""US""]",2,1,29,183
458220,Palmer,en,2021-01-28,5.7283,8.119,1890,0,0,110,Released,False,0,"[""Drama""]","[""US"", ""LU""]",4,1,26,248
58496,Senna,en,2010-10-07,3.9698,8.115,1182,0,8212430,106,Released,False,0,"[""Documentary""]","[""GB"", ""US"", ""FR""]",4,4,29,376
46738,Incendies,fr,2010-09-17,7.4202,8.101,3237,6800000,6788659,131,Released,False,0,"[""Drama"", ""War"", ""Mystery""]","[""CA"", ""FR""]",3,3,55,302
422,8½,it,1963-02-14,4.1668,8.1,2516,0,0,139,Released,False,0,"[""Drama""]","[""IT"", ""FR""]",2,4,105,383
103663,The Hunt,da,2012-10-25,6.3907,8.097,4714,3800000,18300000,116,Released,False,0,"[""Drama""]","[""DK"", ""SE""]",3,3,21,239
600354,The Father,en,2020-12-23,5.4514,8.096,3601,6000000,21029340,97,Released,False,0,"[""Drama""]","[""FR"", ""GB""]",5,1,0,203
531428,Portrait of a Lady on Fire,fr,2019-09-06,7.4291,8.095,2901,5740000,9923127,121,Released,False,0,"[""Drama"", ""Romance""]","[""FR""]",3,2,23,145
655,"Paris, Texas",en,1984-07-16,5.1051,8.095,2194,1750000,2181987,145,Released,False,0,"[""Drama""]","[""GB"", ""DE"", ""FR""]",5,2,74,201
100,"Lock, Stock and Two Smoking Barrels",en,1998-08-28,3.9559,8.095,7154,1350000,28356188,105,Released,False,0,"[""Comedy"", ""Crime""]","[""GB"", ""US""]",3,1,35,232
149871,The Tale of The Princess Kaguya,ja,2013-11-23,5.345,8.093,1967,49300000,24366656,137,Released,False,0,"[""Animation"", ""Drama"", ""Fantasy""]","[""JP""]",7,1,34,239
1398,Stalker,ru,1979-05-25,5.3614,8.091,2484,120000,0,162,Released,False,0,"[""Science Fiction"", ""Drama""]","[""SU""]",1,1,134,263
996,Double Indemnity,en,1944-07-06,3.5529,8.092,2017,927262,2500000,107,Released,False,0,"[""Crime"", ""Thriller""]","[""US""]",1,1,36,178
664767,Mortal Kombat Legends: Scorpion's Revenge,en,2020-04-12,6.4968,8.088,1449,0,0,80,Released,False,1,"[""Animation"", ""Action"", ""Fantasy""]","[""US""]",1,1,55,629
19,Metropolis,de,1927-01-10,4.988,8.088,3075,5300000,1350322,148,Released,False,0,"[""Drama"", ""Science Fiction""]","[""DE""]",1,1,96,182
755812,"Miraculous World: New York, United HeroeZ",fr,2020-09-25,3.2062,8.087,1123,0,0,61,Released,False,1,"[""Animation"", ""Family"", ""TV Movie"", ""Action"", ""Adventure""]","[""BR"", ""CA"", ""FR"", ""KR"", ""US""]",8,1,20,102
406,La Haine,fr,1995-05-31,7.0272,8.084,4513,2600000,15300000,98,Released,False,0,"[""Drama""]","[""FR""]",5,1,51,254
387,Das Boot,de,1981-09-17,6.6205,8.082,2488,14000000,85000000,150,Released,False,0,"[""Drama"", ""History"", ""War""]","[""DE""]",2,3,80,206
470044,The Hate U Give,en,2018-10-19,3.9281,8.1,2212,23000000,34934009,133,Released,False,0,"[""Crime"", ""Drama""]","[""US""]",1,1,37,251
411088,The Invisible Guest,es,2017-01-06,7.8466,8.081,4937,4000000,30000000,107,Released,False,0,"[""Drama"", ""Mystery"", ""Thriller""]","[""ES""]",9,1,47,195
239,Some Like It Hot,en,1959-03-19,8.4592,8.081,3847,2900000,25000000,123,Released,False,0,"[""Comedy"", ""Romance"", ""Crime""]","[""US""]",1,1,28,180
705,All About Eve,en,1950-11-09,3.0251,8.08,1681,1400000,8402553,139,Released,False,0,"[""Drama""]","[""US""]",1,2,38,424
1026227,There's Still Tomorrow,it,2023-10-26,2.6321,8.1,1510,9000000,50121593,118,Released,False,0,"[""Drama"", ""Comedy"", ""History""]","[""IT""]",2,2,23,254
614,Wild Strawberries,sv,1957-08-28,2.8335,8.1,1794,0,0,91,Released,False,0,"[""Drama""]","[""SE""]",1,2,0,429
11878,Yojimbo,ja,1961-04-25,5.5328,8.076,1675,0,0,110,Released,False,1,"[""Drama"", ""Thriller""]","[""JP""]",1,1,43,414
832,M,de,1931-05-11,3.6624,8.059,2450,0,35274,110,Released,False,0,"[""Drama"", ""Thriller"", ""Crime""]","[""DE""]",1,1,20,437
7347,Elite Squad,pt,2007-10-05,4.7279,8.055,2687,4000000,14759148,115,Released,False,1,"[""Drama"", ""Action"", ""Crime""]","[""BR""]",9,1,44,242
522518,A Dog's Journey,en,2019-05-03,5.2646,8.054,1612,16000000,78871079,109,Released,False,1,"[""Family"", ""Adventure"", ""Drama""]","[""CN"", ""IN"", ""US""]",5,1,37,86
1955,The Elephant Man,en,1980-10-09,5.3605,8.0,3896,5000000,26000000,124,Released,False,0,"[""Drama"", ""History""]","[""US""]",1,1,42,326
638507,How to Train Your Dragon: Homecoming,en,2019-12-03,4.8561,8.041,1098,0,0,22,Released,False,0,"[""Animation"", ""Fantasy"", ""Adventure"", ""Family""]","[""US""]",1,1,0,445
548,Rashomon,ja,1950-08-26,6.84,8.041,2499,250000,117668,88,Released,False,0,"[""Crime"", ""Drama"", ""Mystery""]","[""JP""]",1,1,37,95
334543,Lion,en,2016-11-24,7.2429,8.039,6936,12000000,140312928,118,Released,False,0,"[""Drama""]","[""AU"", ""GB"", ""US""]",5,3,17,227
992,Sherlock Jr.,en,1924-04-17,3.0757,8.038,1154,0,0,45,Released,False,0,"[""Action"", ""Comedy"", ""Mystery""]","[""US""]",1,1,41,161
582,The Lives of Others,de,2006-03-23,6.0132,8.038,4091,2000000,77672685,137,Released,False,0,"[""Drama"", ""Thriller""]","[""DE"", ""FR""]",4,1,90,270
439,La Dolce Vita,it,1960-02-05,5.1705,8.036,2025,0,19647000,176,Released,False,0,"[""Comedy"", ""Drama""]","[""FR"", ""IT""]",3,4,42,256
437068,A Taxi Driver,ko,2017-08-02,5.0941,8.035,1150,12820005,81927980,138,Released,False,0,"[""Action"", ""Drama"", ""History""]","[""KR""]",2,4,55,298
397567,Along with the Gods: The Two Worlds,ko,2017-12-20,6.6571,8.032,1179,18300000,125983972,139,Released,False,1,"[""Action"", ""Adventure"", ""Drama"", ""Fantasy"", ""Thriller""]","[""KR""]",7,1,32,277
11645,Ran,ja,1985-06-01,6.2609,8.029,1794,12000000,23334156,160,Released,False,0,"[""Action"", ""Drama"", ""History""]","[""JP"", ""FR""]",3,1,38,165
279,Amadeus,en,1984-09-19,8.373,8.023,4726,18000000,90007557,160,Released,False,0,"[""History"", ""Music"", ""Drama""]","[""US""]",1,4,72,186
555604,Guillermo del Toro's Pinocchio,en,2022-11-09,4.8384,8.0,3302,35000000,0,117,Released,False,0,"[""Animation"", ""Fantasy"", ""Adventure"", ""Drama""]","[""US""]",3,1,24,138
538362,On My Skin,it,2018-09-12,1.4849,8.019,1885,0,0,100,Released,False,0,"[""Drama""]","[""IT""]",2,2,37,237
26022,My Name Is Khan,hi,2010-02-10,4.0304,8.015,1426,12000000,42345360,165,Released,False,0,"[""Drama"", ""Romance""]","[""CN"", ""IN"", ""AE"", ""US""]",11,2,54,265
938,For a Few Dollars More,it,1965-12-18,7.6026,8.015,4401,600000,15000000,132,Released,False,1,"[""Western""]","[""DE"", ""IT"", ""ES""]",4,1,113,108
147,The 400 Blows,fr,1959-06-03,2.6032,8.012,2318,0,0,99,Released,False,1,"[""Drama""]","[""FR""]",2,2,35,388
204,The Wages of Fear,fr,1953-04-22,3.2538,8.01,1073,0,0,153,Released,False,0,"[""Drama"", ""Thriller"", ""Adventure""]","[""FR"", ""IT""]",4,5,35,223
43949,Flipped,en,2010-08-06,9.6204,8.006,3300,14000000,4324817,89,Released,False,0,"[""Romance"", ""Drama""]","[""US""]",2,1,33,184
521,Dial M for Murder,en,1954-05-29,3.6038,7.999,2836,1400000,3000000,105,Released,False,0,"[""Thriller"", ""Crime"", ""Drama""]","[""US""]",1,1,74,126
20453,3 Idiots,hi,2009-12-23,7.1356,7.996,2681,9000000,70000000,171,Released,False,1,"[""Drama"", ""Comedy""]","[""IN""]",2,2,13,483
595,To Kill a Mockingbird,en,1962-12-20,4.4433,7.996,2841,2000000,13129846,129,Released,False,0,"[""Drama""]","[""US""]",3,1,111,409
110416,Song of the Sea,en,2014-06-23,2.1496,7.995,1561,0,857522,94,Released,False,0,"[""Family"", ""Animation"", ""Fantasy""]","[""IE"", ""LU"", ""BE"", ""DK""]",7,4,42,469
947,Lawrence of Arabia,en,1962-12-11,7.2207,7.995,3393,15000000,70000000,228,Released,False,0,"[""Adventure"", ""History"", ""War""]","[""GB""]",1,4,19,152
3175,Barry Lyndon,en,1975-12-18,4.5876,7.993,3163,11000000,31500000,188,Released,False,0,"[""Drama"", ""Romance"", ""War"", ""History""]","[""GB"", ""US""]",3,3,0,182
339877,Loving Vincent,en,2017-06-22,3.4964,7.987,2591,5500000,42187665,95,Released,False,0,"[""Animation"", ""Drama"", ""History""]","[""PL"", ""GB"", ""NL"", ""CH"", ""QA""]",5,1,58,162
140420,Paperman,en,2012-11-02,1.8466,7.987,1795,0,0,7,Released,False,0,"[""Animation"", ""Family"", ""Romance"", ""Comedy"", ""Fantasy""]","[""US""]",2,1,53,111
780,The Passion of Joan of Arc,fr,1928-04-21,2.1319,7.985,1081,0,18121,81,Released,False,0,"[""Drama"", ""History""]","[""FR""]",1,1,50,446
15,Citizen Kane,en,1941-04-17,8.1614,7.978,6011,839727,23218000,119,Released,False,0,"[""Mystery"", ""Drama""]","[""US""]",2,1,50,285
906126,Society of the Snow,es,2023-12-15,4.1515,7.975,3470,65500000,1281,143,Released,False,0,"[""Drama"", ""History""]","[""ES"", ""US""]",3,1,33,143
449176,"Love, Simon",en,2018-02-16,6.0911,7.975,6241,17000000,66316289,110,Released,False,0,"[""Comedy"", ""Drama"", ""Romance""]","[""US""]",5,1,37,243
11778,The Deer Hunter,en,1978-12-08,7.0155,7.974,4209,15000000,49000000,183,Released,False,0,"[""Drama"", ""War""]","[""GB"", ""US""]",2,4,57,190
962,The Gold Rush,en,1925-07-13,4.0226,7.974,1815,923000,4000000,95,Released,False,0,"[""Adventure"", ""Comedy"", ""Drama""]","[""US""]",1,1,38,101
25376,The Secret in Their Eyes,es,2009-08-13,4.6776,7.971,2837,2000000,33965843,130,Released,False,0,"[""Mystery"", ""Thriller"", ""Drama""]","[""AR"", ""ES""]",8,1,53,275
213,North by Northwest,en,1959-08-06,6.2158,7.966,4487,4000000,13275000,137,Released,False,0,"[""Thriller"", ""Adventure""]","[""US""]",1,1,51,95
11104,Chungking Express,cn,1994-07-14,8.0835,7.965,2167,160000,0,103,Released,False,0,"[""Drama"", ""Comedy"", ""Romance""]","[""HK""]",1,7,69,165
38286,Three Men and a Leg,it,1997-12-27,1.2437,7.964,2153,0,0,98,Released,False,0,"[""Comedy""]","[""IT""]",3,1,28,405
455661,In a Heartbeat,en,2017-06-01,1.1695,7.963,1022,0,0,4,Released,False,0,"[""Animation"", ""Comedy"", ""Romance""]","[""US""]",1,1,37,128
7508,Like Stars on Earth,hi,2007-12-21,5.9015,7.956,1318,2600000,28430000,162,Released,False,1,"[""Drama""]","[""IN""]",3,1,23,369
3090,The Treasure of the Sierra Madre,en,1948-01-15,3.2551,7.956,1329,3800000,4307000,126,Released,False,0,"[""Adventure"", ""Drama"", ""Western""]","[""US""]",1,2,73,199
678512,Sound of Freedom,en,2023-07-03,7.0553,7.955,2732,14500000,250600000,131,Released,False,0,"[""Action"", ""Drama""]","[""US""]",1,2,42,151
10386,The Iron Giant,en,1999-08-06,7.6536,7.952,6116,50000000,23300000,86,Released,False,0,"[""Animation"", ""Drama"", ""Family"", ""Science Fiction""]","[""US""]",1,1,25,205
81,Nausicaä of the Valley of the Wind,ja,1984-03-11,7.9179,7.949,4039,1000000,9016411,117,Released,False,0,"[""Adventure"", ""Animation"", ""Fantasy""]","[""JP""]",3,1,42,329
37797,Whisper of the Heart,ja,1995-07-15,5.9946,7.948,2259,0,0,111,Released,False,0,"[""Animation"", ""Drama"", ""Family""]","[""JP""]",4,1,23,200
242828,When Marnie Was There,ja,2014-07-19,6.9094,7.9,1950,0,34949567,103,Released,False,0,"[""Animation"", ""Drama"", ""Family""]","[""JP""]",8,1,39,238
930094,"Red, White & Royal Blue",en,2023-07-27,7.5223,7.93,1531,20000000,0,118,Released,False,1,"[""Comedy"", ""Romance""]","[""US""]",2,2,44,370
12104,Pink Floyd: The Wall,en,1982-07-14,3.8003,7.93,1627,12000000,22244207,95,Released,False,0,"[""Music"", ""Drama""]","[""GB""]",3,1,50,107
1580,Rope,en,1948-02-01,4.4089,7.93,2982,1500000,2200000,81,Released,False,0,"[""Thriller"", ""Crime"", ""Drama""]","[""US""]",1,1,121,150
234,The Cabinet of Dr. Caligari,de,1920-02-27,2.6189,7.929,1753,18000,8811,77,Released,False,0,"[""Drama"", ""Horror"", ""Thriller"", ""Crime""]","[""DE""]",1,1,25,308
142061,"Batman: The Dark Knight Returns, Part 2",en,2013-01-03,3.5231,7.926,1589,3500000,0,78,Released,False,1,"[""Science Fiction"", ""Action"", ""Animation"", ""Mystery""]","[""US""]",3,1,67,178
9323,Ghost in the Shell,ja,1995-11-18,6.2961,7.926,3842,3000000,10000000,83,Released,False,1,"[""Action"", ""Animation"", ""Science Fiction""]","[""JP"", ""GB""]",4,1,40,369
5925,The Great Escape,en,1963-07-03,5.9696,7.925,2820,4000000,11700000,173,Released,False,1,"[""Adventure"", ""Drama"", ""War""]","[""US""]",2,4,58,323
13398,Tokyo Godfathers,ja,2003-12-05,3.7999,7.922,1494,0,607735,92,Released,False,0,"[""Animation"", ""Drama"", ""Comedy""]","[""JP""]",4,3,39,143
8290,Don't Look Now... We're Being Shot At!,fr,1966-12-08,5.2752,7.921,1461,0,0,132,Released,False,0,"[""Comedy"", ""War""]","[""FR"", ""GB""]",3,3,0,310
1646,Freedom Writers,en,2007-01-05,4.38,7.918,2401,21000000,43095175,123,Released,False,0,"[""Crime"", ""Drama""]","[""DE"", ""US""]",3,2,39,133
961,The General,en,1926-12-25,3.4064,7.918,1396,750000,1000000,79,Released,False,0,"[""Action"", ""Adventure"", ""Comedy"", ""War"", ""Romance"", ""Drama""]","[""US""]",2,1,53,255
11010,The Postman,it,1994-09-22,2.3061,7.916,1212,3000000,33000000,114,Released,False,0,"[""Comedy"", ""Drama"", ""Romance""]","[""IT"", ""FR"", ""BE""]",5,2,20,127
315465,The Boy and the Beast,ja,2015-07-11,5.7834,7.914,1595,0,49714378,119,Released,False,0,"[""Action"", ""Adventure"", ""Animation"", ""Drama"", ""Family"", ""Fantasy""]","[""JP""]",14,1,40,276
829,Chinatown,en,1974-06-20,8.027,7.909,4229,6000000,30000000,130,Released,False,1,"[""Crime"", ""Drama"", ""Mystery"", ""Thriller""]","[""US""]",3,3,98,346
33,Unforgiven,en,1992-08-07,8.4329,7.9,4912,14400000,159157447,130,Released,False,0,"[""Western""]","[""US""]",2,1,72,301
405,La Strada,it,1954-09-23,1.6848,7.906,1159,0,0,115,Released,False,0,"[""Drama""]","[""IT""]",1,1,36,441
775,A Trip to the Moon,fr,1902-06-15,4.7024,7.904,1981,5985,0,15,Released,False,0,"[""History"", ""Adventure"", ""Science Fiction""]","[""FR""]",1,1,31,258
503314,Dragon Ball Super: Broly,ja,2018-12-14,2.1888,7.903,3099,1000000,125002821,101,Released,False,1,"[""Action"", ""Science Fiction"", ""Animation""]","[""JP""]",6,1,47,616
1578,Raging Bull,en,1980-11-14,6.9974,7.903,4729,18000000,23380203,129,Released,False,0,"[""Drama"", ""History""]","[""US""]",2,0,27,127
110,Three Colors: Red,fr,1994-05-12,4.1522,7.903,1537,0,4127033,100,Released,False,1,"[""Drama"", ""Mystery"", ""Romance""]","[""FR"", ""PL"", ""CH""]",5,1,34,295
60243,A Separation,fa,2011-02-15,3.1446,7.899,1946,5000000,24426169,123,Released,False,0,"[""Drama""]","[""IR"", ""FR""]",2,1,23,204
1092,The Third Man,en,1949-08-31,4.4666,7.899,2085,0,1226098,105,Released,False,0,"[""Thriller"", ""Mystery""]","[""GB""]",1,3,34,397
10242,What Ever Happened to Baby Jane?,en,1962-10-31,3.2764,7.898,1149,980000,0,135,Released,False,0,"[""Drama"", ""Horror"", ""Thriller""]","[""US""]",1,1,66,108
1000837,I'm Still Here,pt,2024-09-19,4.5823,7.9,1047,8000000,36361572,138,Released,False,0,"[""Drama"", ""History""]","[""BR"", ""FR""]",6,1,55,189
515042,Free Solo,en,2018-09-28,2.6899,7.897,1501,0,21790193,100,Released,False,0,"[""Documentary"", ""Adventure""]","[""US""]",5,1,17,226
827,Diabolique,fr,1955-01-29,2.5112,7.895,1086,0,0,118,Released,False,0,"[""Thriller"", ""Mystery""]","[""FR""]",2,2,49,280
223,Rebecca,en,1940-03-23,5.7963,7.892,1962,0,0,130,Released,False,0,"[""Mystery"", ""Romance"", ""Thriller"", ""Drama""]","[""US""]",1,2,50,416
7984,In the Name of the Father,en,1993-12-27,3.7813,7.891,1956,13000000,65796862,133,Released,False,0,"[""Drama""]","[""IE""]",1,1,70,189
404378,A Street Cat Named Bob,en,2016-11-04,2.4237,7.889,1543,8000000,17900000,103,Released,False,1,"[""Family"", ""Drama""]","[""GB"", ""US"", ""LU""]",4,1,41,117
334533,Captain Fantastic,en,2016-07-08,5.696,7.889,6803,5000000,23123592,119,Released,False,0,"[""Adventure"", ""Drama""]","[""US""]",2,2,57,269
804,Roman Holiday,en,1953-08-26,7.8752,7.9,2245,1500000,12000000,119,Released,False,0,"[""Romance"", ""Comedy"", ""Drama""]","[""US""]",1,2,0,455
488623,Forgotten,ko,2017-11-29,5.7142,7.887,1315,0,9968972,108,Released,False,0,"[""Thriller"", ""Mystery"", ""Crime""]","[""KR""]",7,1,46,624
916224,Suzume,ja,2022-11-11,8.3617,7.886,1707,13000000,314992206,122,Released,False,0,"[""Animation"", ""Drama"", ""Adventure"", ""Fantasy""]","[""JP""]",8,1,56,243
84334,Searching for Sugar Man,en,2012-06-30,1.4727,7.886,1016,1000000,3696196,85,Released,False,0,"[""Music"", ""Documentary""]","[""SE"", ""GB""]",3,1,25,133
360814,Dangal,hi,2016-12-21,4.1883,7.883,1140,10400000,311000000,161,Released,False,0,"[""Drama"", ""Family"", ""Comedy""]","[""IN""]",3,1,0,232
183011,Justice League: The Flashpoint Paradox,en,2013-07-30,3.9352,7.88,1960,3500000,0,81,Released,False,1,"[""Animation"", ""Action"", ""Science Fiction""]","[""US""]",3,1,17,139
2011,Persepolis,fr,2007-06-27,2.6117,7.88,2135,7300000,0,95,Released,False,0,"[""Animation"", ""Drama""]","[""FR"", ""US""]",14,3,43,348
505262,My Hero Academia: Two Heroes,ja,2018-08-03,4.1094,7.879,1095,12000000,27507549,96,Released,False,1,"[""Animation"", ""Action"", ""Adventure"", ""Fantasy""]","[""JP""]",8,1,17,439
610150,Dragon Ball Super: Super Hero,ja,2022-06-11,6.7096,7.877,3000,0,86600000,100,Released,False,1,"[""Animation"", ""Science Fiction"", ""Action""]","[""JP""]",7,1,39,238
7857,Amarcord,it,1973-12-18,3.5627,7.875,1212,0,0,123,Released,False,0,"[""Comedy"", ""Drama""]","[""IT"", ""FR""]",2,2,31,410
1607,A Bronx Tale,en,1993-10-01,8.5134,7.876,2829,22000000,17287898,121,Released,False,0,"[""Drama"", ""Crime""]","[""US""]",3,2,126,275
667520,A Whisker Away,ja,2020-06-18,5.8424,7.874,1483,0,0,104,Released,False,0,"[""Animation"", ""Drama"", ""Romance"", ""Fantasy""]","[""JP""]",9,1,33,147
491480,The Boy Who Harnessed the Wind,en,2019-02-14,3.5701,7.874,1851,0,0,113,Released,False,0,"[""Drama"", ""History""]","[""MW"", ""GB"", ""US""]",4,2,0,129
682110,My Octopus Teacher,en,2020-09-04,2.2841,7.873,1026,0,0,85,Released,False,0,"[""Documentary""]","[""ZA"", ""GB""]",2,2,0,341
24238,Mary and Max,en,2009-04-09,3.3864,7.872,2230,8240000,1740429,92,Released,False,0,"[""Animation"", ""Comedy"", ""Drama""]","[""AU""]",4,2,53,194
654,On the Waterfront,en,1954-06-22,2.7322,7.871,1760,910000,9600631,108,Released,False,0,"[""Crime"", ""Drama"", ""Romance""]","[""US""]",2,1,45,149
265195,Wild Tales,es,2014-08-21,3.2337,7.862,3725,4000000,31478893,122,Released,False,0,"[""Drama"", ""Thriller"", ""Comedy""]","[""AR"", ""ES""]",4,1,23,299
369557,Sing Street,en,2016-03-11,3.5159,7.861,2437,4000000,13624522,105,Released,False,0,"[""Romance"", ""Drama"", ""Music"", ""Comedy""]","[""IE"", ""GB"", ""US""]",7,1,50,136
613,Downfall,de,2004-09-16,6.1225,7.86,4272,16000000,92181574,155,Released,False,0,"[""Drama"", ""History"", ""War""]","[""AT"", ""DE"", ""IT""]",7,3,43,529
482321,Ron's Gone Wrong,en,2021-10-14,4.9874,7.859,2001,0,60692022,107,Released,False,0,"[""Animation"", ""Science Fiction"", ""Family"", ""Comedy""]","[""GB"", ""US""]",3,1,45,184
961323,Nimona,en,2023-06-23,5.094,7.852,1369,0,0,99,Released,False,0,"[""Animation"", ""Family"", ""Fantasy"", ""Science Fiction"", ""Adventure""]","[""US"", ""GB""]",2,1,29,100
381341,Perfect Strangers,it,2016-02-11,3.6046,7.855,4618,0,32207491,97,Released,False,0,"[""Drama""]","[""IT""]",5,1,77,150
3112,The Night of the Hunter,en,1955-07-26,3.7985,7.855,1815,795000,0,93,Released,False,0,"[""Crime"", ""Drama"", ""Thriller""]","[""US""]",2,1,36,129
944401,Dogman,fr,2023-09-27,3.4622,7.9,1361,0,4082217,115,Released,False,0,"[""Action"", ""Drama"", ""Crime""]","[""FR"", ""US""]",5,2,50,73
522212,Just Mercy,en,2019-12-25,4.5219,7.854,2474,25000000,50401502,137,Released,False,0,"[""Drama"", ""Crime"", ""History""]","[""US""]",7,1,41,307
3034,Young Frankenstein,en,1974-12-15,4.1781,7.852,3371,2800000,86273333,106,Released,False,0,"[""Comedy""]","[""US""]",3,2,32,391
698948,Thirteen Lives,en,2022-07-18,4.7007,7.846,1480,55000000,0,147,Released,False,0,"[""Drama"", ""Thriller"", ""History""]","[""GB"", ""US""]",5,2,59,425
16,Dancer in the Dark,en,2000-09-01,3.7713,7.847,1987,12500000,40061153,140,Released,False,0,"[""Drama"", ""Crime""]","[""DK"", ""FI"", ""FR"", ""DE"", ""IS"", ""NL"", ""NO"", ""SE""]",15,1,51,361
399174,Isle of Dogs,en,2018-03-23,4.3294,7.846,5366,35000000,72991435,101,Released,False,0,"[""Adventure"", ""Comedy"", ""Animation""]","[""US"", ""DE""]",4,2,50,250
59440,Warrior,en,2011-09-09,7.8755,7.845,4979,25000000,23300000,140,Released,False,0,"[""Drama"", ""Action""]","[""US""]",4,1,29,231
501929,The Mitchells vs. the Machines,en,2021-04-22,6.4706,7.844,3321,75000000,0,114,Released,False,1,"[""Animation"", ""Adventure"", ""Comedy""]","[""HK"", ""US""]",4,1,31,171
691179,Friends: The Reunion,en,2021-05-27,2.9891,7.843,1316,0,0,104,Released,False,0,"[""Documentary""]","[""US""]",3,1,37,196
968,Dog Day Afternoon,en,1975-09-21,6.2333,7.843,3335,1800000,56665856,124,Released,False,0,"[""Crime"", ""Drama"", ""Thriller""]","[""US""]",1,1,88,354
505192,Shoplifters,ja,2018-06-02,4.3085,7.841,2278,0,0,120,Released,False,0,"[""Drama"", ""Crime"", ""Thriller""]","[""JP""]",4,1,33,384
